event_id,user_id,email_attempted,ip_address,country,city,device_type,device_fingerprint,user_agent,status,failure_reason,created_at
EVT-000001,87,james.white@company.com,156.219.212.124,Saudi Arabia,Dammam,Desktop,e7db58b7947c93374fa2b69c422b7610,"Mozilla/5.0 (macOS 13; rv:121.0) Gecko/20100101 Firefox/121.0",Failed,Invalid email,2024-04-18 21:53:35
EVT-000002,46,amelia_jackson@yahoo.com,51.113.67.105,Singapore,Singapore,Desktop,e942387685fbfd09804b87abc51c4a65,"Mozilla/5.0 (Linux) AppleWebKit/537.36 (KHTML, like Gecko) Chrome/120.0.0.0 Safari/537.36",Success,,2025-10-14 21:13:05
EVT-000003,22,alexanderharris97@hotmail.com,62.176.56.58,France,Nice,Mobile,6c1515c28d3dc71a356db96e46efca6f,"Mozilla/5.0 (iOS 17) AppleWebKit/537.36 (KHTML, like Gecko) Chrome/120.0.0.0 Safari/537.36",Success,,2024-11-15 05:33:54
EVT-000004,13,bmartinez@hotmail.com,93.249.15.185,India,Chennai,Mobile,2d63097d171c63ed7465bb752371cc5a,"Mozilla/5.0 (iOS 17) AppleWebKit/537.36 (KHTML, like Gecko) Chrome/120.0.0.0 Safari/537.36 OPR/106.0.0.0",Failed,Invalid password,2025-04-19 18:47:40
EVT-000005,85,emma_martin@yahoo.com,206.84.36.43,India,Chennai,Desktop,3dd0094eb4955d11194550b66993c159,"Mozilla/5.0 (Windows 11) AppleWebKit/537.36 (KHTML, like Gecko) Chrome/120.0.0.0 Safari/537.36 OPR/106.0.0.0",Failed,Session expired,2025-10-22 18:39:16
EVT-000006,33,jmiller@yahoo.com,211.75.72.30,Brazil,Brasilia,Desktop,80a5858431ec2c8eeea50262971b6105,"Mozilla/5.0 (macOS 13) AppleWebKit/537.36 (KHTML, like Gecko) Chrome/120.0.0.0 Safari/537.36 Edg/120.0.0.0",Success,,2025-08-19 08:22:58
EVT-000007,11,hlee@gmail.com,39.90.6.86,United Kingdom,Manchester,Desktop,c5faa4241dd3147c5f72bac9a963c13e,"Mozilla/5.0 (Windows 11) AppleWebKit/537.36 (KHTML, like Gecko) Chrome/120.0.0.0 Safari/537.36 Edg/120.0.0.0",Success,,2025-01-20 19:14:18
EVT-000008,89,mhernandez@email.net,183.4.97.155,Brazil,Sao Paulo,Mobile,3b4c6aed9eb847d94204b5db0d47ca5c,"Mozilla/5.0 (Android 14) AppleWebKit/537.36 (KHTML, like Gecko) Chrome/120.0.0.0 Safari/537.36 OPR/106.0.0.0",Failed,Session expired,2025-03-22 09:00:50
EVT-000009,65,alexanderbrown65@email.net,180.156.30.74,Canada,Calgary,Desktop,88b4793b5808161f4e8452e2a82a8cbe,"Mozilla/5.0 (macOS 13) AppleWebKit/537.36 (KHTML, like Gecko) Chrome/120.0.0.0 Safari/537.36 OPR/106.0.0.0",Failed,Session expired,2024-03-29 22:09:01
EVT-000010,81,amelialopez67@outlook.com,114.242.150.133,Canada,Toronto,Mobile,02989aaf7a6f2427b83aa3bb2c656c0e,"Mozilla/5.0 (iOS 17) AppleWebKit/605.1.15 (KHTML, like Gecko) Version/17.0 Safari/605.1.15",Success,,2025-08-23 02:32:10
EVT-000011,90,amelia_anderson@email.net,14.102.177.180,United Kingdom,London,Tablet,0bc8dbed318bfe14ccfeeec3fb1240f6,"Mozilla/5.0 (iOS 17) AppleWebKit/605.1.15 (KHTML, like Gecko) Version/17.0 Safari/605.1.15",Blocked,Account locked,2025-11-19 12:50:28
EVT-000012,25,charlotte_brown@outlook.com,204.226.202.109,Singapore,Singapore,Mobile,1756f22aefbfe36e6fd16c68a234aeb0,"Mozilla/5.0 (iOS 17) AppleWebKit/605.1.15 (KHTML, like Gecko) Version/17.0 Safari/605.1.15",Success,,2025-07-07 15:33:48
EVT-000013,44,matthewhernandez56@email.net,48.118.68.151,Japan,Osaka,Tablet,03c9e8a141744955c803c04034d3a762,"Mozilla/5.0 (iOS 17; rv:121.0) Gecko/20100101 Firefox/121.0",Failed,IP blocked,2024-03-05 18:10:16
EVT-000014,41,johnmiller23@work.org,165.21.177.139,Germany,Berlin,Desktop,e171f42b63d521caf5082cde30b84020,"Mozilla/5.0 (Windows 10) AppleWebKit/537.36 (KHTML, like Gecko) Chrome/120.0.0.0 Safari/537.36",Failed,Invalid password,2025-02-25 07:01:08
EVT-000015,87,isabella.davis@yahoo.com,111.129.167.79,UAE,Ajman,Tablet,f6cdeb433ac761740b2106790ff30f54,"Mozilla/5.0 (iOS 17) AppleWebKit/605.1.15 (KHTML, like Gecko) Version/17.0 Safari/605.1.15",Success,,2025-11-13 19:37:52
EVT-000016,6,sbrown@outlook.com,17.92.186.243,Brazil,Brasilia,Desktop,5206012f35be550262f2e7dfb81ae871,"Mozilla/5.0 (Windows 11) AppleWebKit/605.1.15 (KHTML, like Gecko) Version/17.0 Safari/605.1.15",Success,,2025-05-11 19:19:07
EVT-000017,29,mia.harris@email.net,91.189.186.76,UAE,Abu Dhabi,Desktop,c6cf91841922e5948b7b2094e403c30d,"Mozilla/5.0 (Windows 10; rv:121.0) Gecko/20100101 Firefox/121.0",Success,,2025-05-30 00:18:42
EVT-000018,77,emma.brown@outlook.com,222.255.73.141,Germany,Berlin,Desktop,1f3554f9039932112398e6afae9c21a2,"Mozilla/5.0 (macOS 13) AppleWebKit/537.36 (KHTML, like Gecko) Chrome/120.0.0.0 Safari/537.36 Edg/120.0.0.0",Success,,2025-11-25 16:39:05
EVT-000019,17,olivialee67@yahoo.com,204.138.176.3,Kuwait,Hawalli,Desktop,01f49087ea0c5f7ce535f8d2a25c2a7f,"Mozilla/5.0 (macOS 14) AppleWebKit/537.36 (KHTML, like Gecko) Chrome/120.0.0.0 Safari/537.36 OPR/106.0.0.0",Blocked,MFA failed,2024-11-22 10:35:23
EVT-000020,52,janderson@company.com,10.50.251.139,United Kingdom,Manchester,Desktop,c11101e948e0d9dbfd0c4295d6e94ae9,"Mozilla/5.0 (macOS 14) AppleWebKit/537.36 (KHTML, like Gecko) Chrome/120.0.0.0 Safari/537.36 OPR/106.0.0.0",Failed,Invalid email,2025-03-18 02:55:58
EVT-000021,79,ethanmartin65@yahoo.com,186.188.57.214,Qatar,Al Wakrah,Tablet,f27892f3eca14d312289f39099c3fc3d,"Mozilla/5.0 (iOS 17) AppleWebKit/605.1.15 (KHTML, like Gecko) Version/17.0 Safari/605.1.15",Failed,Invalid email,2025-06-17 22:19:07
EVT-000022,98,egarcia@email.net,20.90.110.97,United States,San Francisco,Mobile,a1a48d2539626cf0034a4ef12dd2158d,"Mozilla/5.0 (iOS 17) AppleWebKit/537.36 (KHTML, like Gecko) Chrome/120.0.0.0 Safari/537.36 Edg/120.0.0.0",Failed,IP blocked,2024-12-22 03:23:43
EVT-000023,3,aharris@outlook.com,128.47.17.107,Canada,Vancouver,Mobile,c3cedd9d9b18430798ce46a39a2bf8f7,"Mozilla/5.0 (iOS 17) AppleWebKit/605.1.15 (KHTML, like Gecko) Version/17.0 Safari/605.1.15",Success,,2024-05-13 07:50:02
EVT-000024,13,awilson@company.com,161.160.77.66,Australia,Sydney,Mobile,832e633d9cd81670e101e2f1d664edd9,"Mozilla/5.0 (iOS 17; rv:121.0) Gecko/20100101 Firefox/121.0",Blocked,Invalid password,2025-07-20 18:13:15
EVT-000025,21,isabella_thomas@email.net,53.239.232.144,Kuwait,Hawalli,Mobile,7d88feda6b991f57f02f6d51209d8579,"Mozilla/5.0 (Android 14) AppleWebKit/537.36 (KHTML, like Gecko) Chrome/120.0.0.0 Safari/537.36 OPR/106.0.0.0",Failed,Too many attempts,2025-02-25 05:29:41
EVT-000026,99,oliviajackson46@email.net,44.63.182.111,Japan,Tokyo,Mobile,e55f1df4251381cff3875371a9ed8925,"Mozilla/5.0 (Android 14) AppleWebKit/605.1.15 (KHTML, like Gecko) Version/17.0 Safari/605.1.15",Failed,Session expired,2025-09-16 09:56:27
EVT-000027,30,amelia.taylor@gmail.com,121.172.141.94,India,Delhi,Desktop,655a85bfcf8cf74affc3d309b4639cf9,"Mozilla/5.0 (macOS 13; rv:121.0) Gecko/20100101 Firefox/121.0",Success,,2024-02-15 14:04:34
EVT-000028,47,joseph.wilson@gmail.com,116.113.80.112,Brazil,Rio de Janeiro,Mobile,e1e68fffd4b1d518d6ec46916986ad84,"Mozilla/5.0 (Android 14; rv:121.0) Gecko/20100101 Firefox/121.0",Success,,2024-05-24 19:50:22
EVT-000029,44,jthomas@yahoo.com,155.149.8.106,Kuwait,Kuwait City,Mobile,896471c8151601fc6ca8d52a8ceb8de3,"Mozilla/5.0 (Android 14) AppleWebKit/537.36 (KHTML, like Gecko) Chrome/120.0.0.0 Safari/537.36",Success,,2025-02-09 19:39:21
EVT-000030,41,william.lopez@yahoo.com,27.47.20.234,Brazil,Sao Paulo,Mobile,9258d7ae887b009ed4c81082af9a862e,"Mozilla/5.0 (Android 14) AppleWebKit/537.36 (KHTML, like Gecko) Chrome/120.0.0.0 Safari/537.36 OPR/106.0.0.0",Success,,2025-06-12 14:12:49
EVT-000031,77,sophiarodriguez66@company.com,220.91.21.112,Japan,Tokyo,Desktop,c4f044c5533fd90498ca5c3b55b85288,"Mozilla/5.0 (Linux) AppleWebKit/537.36 (KHTML, like Gecko) Chrome/120.0.0.0 Safari/537.36 OPR/106.0.0.0",Success,,2025-07-06 10:36:56
EVT-000032,33,michaelsmith53@yahoo.com,94.94.146.146,Saudi Arabia,Riyadh,Desktop,1d96e709cc8237b1c493736e25cdff94,"Mozilla/5.0 (Linux) AppleWebKit/605.1.15 (KHTML, like Gecko) Version/17.0 Safari/605.1.15",Success,,2024-02-21 18:00:37
EVT-000033,79,eanderson@yahoo.com,155.118.71.76,Bahrain,Manama,Desktop,1695a79841bccd113c668398efb29cf9,"Mozilla/5.0 (Linux) AppleWebKit/605.1.15 (KHTML, like Gecko) Version/17.0 Safari/605.1.15",Success,,2025-08-03 19:39:11
EVT-000034,67,oliviataylor48@gmail.com,47.170.151.169,Germany,Munich,Desktop,07413b5eafe058c3950c891681f18754,"Mozilla/5.0 (macOS 14) AppleWebKit/537.36 (KHTML, like Gecko) Chrome/120.0.0.0 Safari/537.36 OPR/106.0.0.0",Success,,2025-10-16 19:56:46
EVT-000035,97,daniel_lee@yahoo.com,205.123.160.22,Australia,Melbourne,Desktop,bc63f43946fddd9670e5d42f52b775c2,"Mozilla/5.0 (Linux) AppleWebKit/605.1.15 (KHTML, like Gecko) Version/17.0 Safari/605.1.15",Blocked,MFA failed,2024-09-04 09:12:12
EVT-000036,66,alexander.taylor@company.com,66.132.195.237,Australia,Perth,Desktop,7e0bbb9cab87a59d0f175567987fff62,"Mozilla/5.0 (macOS 14) AppleWebKit/537.36 (KHTML, like Gecko) Chrome/120.0.0.0 Safari/537.36 OPR/106.0.0.0",Blocked,MFA failed,2024-02-09 02:11:19
EVT-000037,99,benjamin.miller@gmail.com,41.114.185.227,France,Paris,Desktop,8521ae17c8b4d281af95db30ff6c681b,"Mozilla/5.0 (Linux) AppleWebKit/537.36 (KHTML, like Gecko) Chrome/120.0.0.0 Safari/537.36 OPR/106.0.0.0",Failed,Session expired,2025-03-23 05:38:33
EVT-000038,55,smartinez@hotmail.com,18.77.60.43,Japan,Yokohama,Desktop,55939e0443a4e62a64f4e0d7d322e62e,"Mozilla/5.0 (macOS 13; rv:121.0) Gecko/20100101 Firefox/121.0",Failed,Invalid email,2025-07-04 05:05:46
EVT-000039,74,josephmiller96@work.org,192.234.212.183,France,Nice,Tablet,a57cab9cb13ce1a261fec80849645cc7,"Mozilla/5.0 (Android 14) AppleWebKit/537.36 (KHTML, like Gecko) Chrome/120.0.0.0 Safari/537.36 OPR/106.0.0.0",Success,,2024-02-20 22:28:30
EVT-000040,78,matthewthomas88@company.com,201.160.182.240,Qatar,Al Wakrah,Tablet,b0e68908efa5ac98be9ba34f5497b76a,"Mozilla/5.0 (iOS 17) AppleWebKit/537.36 (KHTML, like Gecko) Chrome/120.0.0.0 Safari/537.36",Failed,Invalid email,2024-11-13 06:48:58
EVT-000041,61,williamgonzalez18@gmail.com,52.160.190.212,Qatar,Doha,Desktop,8215fc863555a447bcab606229865b50,"Mozilla/5.0 (Linux; rv:121.0) Gecko/20100101 Firefox/121.0",Failed,IP blocked,2025-08-09 20:31:02
EVT-000042,87,sophialee94@yahoo.com,71.220.32.182,India,Mumbai,Mobile,d0e3a0288ba6d98293662b922c8ff3d9,"Mozilla/5.0 (Android 14) AppleWebKit/537.36 (KHTML, like Gecko) Chrome/120.0.0.0 Safari/537.36 OPR/106.0.0.0",Success,,2025-02-16 05:22:39
EVT-000043,74,wlee@work.org,159.199.37.212,Germany,Munich,Desktop,ca886761b69a6081947023516ade9426,"Mozilla/5.0 (macOS 13; rv:121.0) Gecko/20100101 Firefox/121.0",Failed,Invalid email,2025-08-22 00:55:09
EVT-000044,33,oliviaanderson60@yahoo.com,131.32.176.152,France,Marseille,Desktop,4e735affef40c7b4a548557eaab82782,"Mozilla/5.0 (Linux) AppleWebKit/537.36 (KHTML, like Gecko) Chrome/120.0.0.0 Safari/537.36",Success,,2024-06-21 22:42:00
EVT-000045,40,jamesmiller67@gmail.com,16.185.159.11,Brazil,Sao Paulo,Desktop,145aff92fac125b6c176bc6ad68e8e18,"Mozilla/5.0 (macOS 13) AppleWebKit/537.36 (KHTML, like Gecko) Chrome/120.0.0.0 Safari/537.36",Success,,2025-03-19 07:57:05
EVT-000046,81,sophialopez54@company.com,38.88.54.251,Canada,Calgary,Desktop,6e481b8430414b073699c93b7c7fcda5,"Mozilla/5.0 (Windows 11) AppleWebKit/537.36 (KHTML, like Gecko) Chrome/120.0.0.0 Safari/537.36 Edg/120.0.0.0",Failed,Suspicious activity,2024-02-20 02:02:04
EVT-000047,31,sarah.gonzalez@email.net,154.125.143.166,United Kingdom,Edinburgh,Desktop,7c1b6f1f2a02726a09f5cc703b05ba2a,"Mozilla/5.0 (Windows 11) AppleWebKit/537.36 (KHTML, like Gecko) Chrome/120.0.0.0 Safari/537.36 Edg/120.0.0.0",Failed,Too many attempts,2025-08-10 02:36:28
EVT-000048,77,isabellamoore58@yahoo.com,12.46.199.69,Canada,Vancouver,Tablet,c0234274b7a4c792b850301093eb7736,"Mozilla/5.0 (Android 14) AppleWebKit/537.36 (KHTML, like Gecko) Chrome/120.0.0.0 Safari/537.36 Edg/120.0.0.0",Success,,2025-03-27 08:57:23
EVT-000049,65,benjamin_thomas@company.com,62.36.98.50,Australia,Brisbane,Desktop,6cd289c770497e7eab9a2fe0d916175c,"Mozilla/5.0 (macOS 14) AppleWebKit/537.36 (KHTML, like Gecko) Chrome/120.0.0.0 Safari/537.36",Failed,IP blocked,2025-09-20 01:17:15
EVT-000050,41,amelia.taylor@company.com,36.250.216.73,Japan,Kyoto,Desktop,287e122a4618c20e220e6cc2a3c8043f,"Mozilla/5.0 (macOS 14; rv:121.0) Gecko/20100101 Firefox/121.0",Success,,2025-04-23 05:05:21
EVT-000051,39,amelia_anderson@yahoo.com,212.73.41.248,Singapore,Singapore,Desktop,79c5666aa43ce225975de9819bff6a5a,"Mozilla/5.0 (macOS 13) AppleWebKit/537.36 (KHTML, like Gecko) Chrome/120.0.0.0 Safari/537.36 Edg/120.0.0.0",Blocked,Account locked,2024-06-20 00:36:45
EVT-000052,53,harper.martin@yahoo.com,85.7.162.239,Brazil,Rio de Janeiro,Tablet,94e60b32308667cf67cc44e6a01f311b,"Mozilla/5.0 (iOS 17) AppleWebKit/537.36 (KHTML, like Gecko) Chrome/120.0.0.0 Safari/537.36 Edg/120.0.0.0",Blocked,Suspicious activity,2025-05-08 04:55:33
EVT-000053,74,john.harris@gmail.com,160.191.137.237,Saudi Arabia,Mecca,Mobile,95401432fef2379d0e083ae06c6b4e17,"Mozilla/5.0 (Android 14; rv:121.0) Gecko/20100101 Firefox/121.0",Failed,Suspicious activity,2025-09-06 15:12:52
EVT-000054,57,shernandez@email.net,109.255.126.51,Brazil,Rio de Janeiro,Mobile,658fd7f9c0598e90dd7b05ddcbd44dcd,"Mozilla/5.0 (iOS 17) AppleWebKit/537.36 (KHTML, like Gecko) Chrome/120.0.0.0 Safari/537.36 Edg/120.0.0.0",Success,,2024-12-31 17:38:52
EVT-000055,26,emma.thomas@hotmail.com,124.100.70.128,Brazil,Brasilia,Mobile,85542810a736917002ef4128eedcc293,"Mozilla/5.0 (iOS 17) AppleWebKit/537.36 (KHTML, like Gecko) Chrome/120.0.0.0 Safari/537.36",Success,,2024-02-29 21:57:14
EVT-000056,24,william.lopez@outlook.com,160.138.80.251,Singapore,Singapore,Desktop,53b6b6a9ec93d38e9f59522be245d178,"Mozilla/5.0 (Windows 11) AppleWebKit/605.1.15 (KHTML, like Gecko) Version/17.0 Safari/605.1.15",Success,,2025-11-14 11:29:31
EVT-000057,98,benjamin.lee@email.net,50.30.140.177,Canada,Toronto,Desktop,73865265a031604f2fdb10faa11bc959,"Mozilla/5.0 (Linux; rv:121.0) Gecko/20100101 Firefox/121.0",Failed,Suspicious activity,2025-03-24 19:27:36
EVT-000058,7,john_miller@gmail.com,112.27.104.21,Japan,Kyoto,Mobile,7f8080f8c851a6b3c1566348444ff88b,"Mozilla/5.0 (iOS 17) AppleWebKit/537.36 (KHTML, like Gecko) Chrome/120.0.0.0 Safari/537.36 OPR/106.0.0.0",Success,,2025-08-21 23:10:27
EVT-000059,76,charlottelee27@company.com,45.255.99.54,Bahrain,Manama,Tablet,263b014ae1ec174ba8b84b65d66d2911,"Mozilla/5.0 (Android 14) AppleWebKit/537.36 (KHTML, like Gecko) Chrome/120.0.0.0 Safari/537.36 Edg/120.0.0.0",Failed,Account locked,2024-06-19 04:19:41
EVT-000060,41,daniel.thomas@yahoo.com,188.225.209.147,Bahrain,Manama,Desktop,0cc0c08b6cf5295e8606d123b2dc913f,"Mozilla/5.0 (Windows 11) AppleWebKit/537.36 (KHTML, like Gecko) Chrome/120.0.0.0 Safari/537.36 Edg/120.0.0.0",Success,,2024-12-22 06:37:32
EVT-000061,10,shernandez@outlook.com,67.40.254.36,India,Mumbai,Desktop,9310c9cb764a15f948c4be16ae4ad6a3,"Mozilla/5.0 (macOS 13) AppleWebKit/537.36 (KHTML, like Gecko) Chrome/120.0.0.0 Safari/537.36",Success,,2024-11-23 03:47:40
EVT-000062,95,charlotte_lopez@outlook.com,42.207.119.243,Singapore,Singapore,Mobile,5a169e56fe7ca3ec9b1b0b89c1fa43f4,"Mozilla/5.0 (iOS 17; rv:121.0) Gecko/20100101 Firefox/121.0",Success,,2025-08-12 11:03:54
EVT-000063,18,johnlopez22@email.net,48.247.129.177,Kuwait,Kuwait City,Desktop,ae305f25dd32d70006449b1ecbe417fd,"Mozilla/5.0 (macOS 14) AppleWebKit/537.36 (KHTML, like Gecko) Chrome/120.0.0.0 Safari/537.36 OPR/106.0.0.0",Failed,Session expired,2025-03-25 02:49:43
EVT-000064,68,matthew.garcia@company.com,169.209.42.56,UAE,Dubai,Mobile,342be2c5fb8ebd3b260c0ad10755053a,"Mozilla/5.0 (iOS 17; rv:121.0) Gecko/20100101 Firefox/121.0",Success,,2024-02-02 19:06:18
EVT-000065,38,imoore@outlook.com,126.120.162.45,Germany,Berlin,Tablet,ba1ba45e5a6bad8dacf0f8a5a8e38baa,"Mozilla/5.0 (Android 14; rv:121.0) Gecko/20100101 Firefox/121.0",Failed,MFA failed,2025-10-08 04:26:08
EVT-000066,63,bgarcia@work.org,125.241.249.242,Kuwait,Kuwait City,Desktop,5c596710b7053457c87d057ed7fbb03f,"Mozilla/5.0 (Windows 11) AppleWebKit/537.36 (KHTML, like Gecko) Chrome/120.0.0.0 Safari/537.36",Success,,2025-11-16 16:34:03
EVT-000067,64,matthew.anderson@hotmail.com,124.113.76.18,India,Delhi,Mobile,712626e8837b6d4154cff8e6f1c475c1,"Mozilla/5.0 (Android 14) AppleWebKit/605.1.15 (KHTML, like Gecko) Version/17.0 Safari/605.1.15",Success,,2024-05-31 03:36:33
EVT-000068,48,bwilson@yahoo.com,107.82.175.109,France,Nice,Mobile,f2d29a7b5a72300367a24abf73fb77fc,"Mozilla/5.0 (Android 14) AppleWebKit/605.1.15 (KHTML, like Gecko) Version/17.0 Safari/605.1.15",Blocked,Too many attempts,2024-10-12 19:12:58
EVT-000069,41,joseph_martin@company.com,139.128.249.202,Singapore,Singapore,Desktop,8ff9ad4714a4a0c992e8d7ba87a53a2a,"Mozilla/5.0 (macOS 14) AppleWebKit/537.36 (KHTML, like Gecko) Chrome/120.0.0.0 Safari/537.36",Failed,Invalid email,2024-04-08 22:31:21
EVT-000070,67,miataylor72@company.com,194.117.128.229,France,Marseille,Desktop,d3735f7cd70e014084ca0edfe8320663,"Mozilla/5.0 (Windows 10) AppleWebKit/537.36 (KHTML, like Gecko) Chrome/120.0.0.0 Safari/537.36",Failed,MFA failed,2024-10-27 07:37:35
EVT-000071,50,bwilson@yahoo.com,219.21.46.77,Japan,Osaka,Desktop,9c52f3c1b1d65a29ee821c3549e19220,"Mozilla/5.0 (Windows 11) AppleWebKit/537.36 (KHTML, like Gecko) Chrome/120.0.0.0 Safari/537.36",Success,,2024-08-05 08:49:24
EVT-000072,98,olivia.smith@outlook.com,209.34.83.178,UAE,Dubai,Tablet,fd865a6db7ebdcfe51994ae218c66fb1,"Mozilla/5.0 (Android 14) AppleWebKit/537.36 (KHTML, like Gecko) Chrome/120.0.0.0 Safari/537.36 Edg/120.0.0.0",Success,,2025-08-02 10:30:21
EVT-000073,68,ewilson@email.net,12.195.113.219,Canada,Toronto,Mobile,29512797aa83ae3b9aee8a558a7b3a2f,"Mozilla/5.0 (Android 14) AppleWebKit/537.36 (KHTML, like Gecko) Chrome/120.0.0.0 Safari/537.36",Blocked,Invalid email,2024-07-24 18:13:28
EVT-000074,8,matthew_garcia@email.net,127.88.37.225,Germany,Frankfurt,Desktop,ec9d042410f7da11413d5417e2a8b55a,"Mozilla/5.0 (Windows 11) AppleWebKit/537.36 (KHTML, like Gecko) Chrome/120.0.0.0 Safari/537.36 OPR/106.0.0.0",Success,,2024-07-07 20:12:28
EVT-000075,97,sarah.thomas@gmail.com,2.187.144.216,Australia,Brisbane,Mobile,26fc8168bc75e8f2aefebd88a2ee04fb,"Mozilla/5.0 (Android 14) AppleWebKit/537.36 (KHTML, like Gecko) Chrome/120.0.0.0 Safari/537.36",Success,,2024-07-14 09:52:18
EVT-000076,79,sophiamoore31@outlook.com,22.132.194.27,France,Marseille,Tablet,b2d1e0a0fba428d0c558c1d43e3fdf54,"Mozilla/5.0 (iOS 17; rv:121.0) Gecko/20100101 Firefox/121.0",Blocked,Session expired,2025-10-06 22:49:06
EVT-000077,67,jameswhite63@outlook.com,55.18.72.247,Canada,Montreal,Tablet,285a87d2130bf641e12957e8bbd4eccb,"Mozilla/5.0 (Android 14; rv:121.0) Gecko/20100101 Firefox/121.0",Failed,Invalid password,2024-07-10 00:03:10
EVT-000078,49,isabella_martinez@gmail.com,200.167.117.167,Bahrain,Riffa,Mobile,470aaa58a49174c500e20e1a7e77857f,"Mozilla/5.0 (Android 14; rv:121.0) Gecko/20100101 Firefox/121.0",Success,,2025-09-02 02:58:54
EVT-000079,30,james_wilson@hotmail.com,18.40.15.37,Bahrain,Manama,Desktop,05100293e980c933a36d46331b19d94b,"Mozilla/5.0 (Linux) AppleWebKit/537.36 (KHTML, like Gecko) Chrome/120.0.0.0 Safari/537.36 Edg/120.0.0.0",Success,,2025-05-22 11:53:13
EVT-000080,74,emma_thomas@gmail.com,189.76.226.103,Bahrain,Riffa,Tablet,091088fed1a49479ab1d7bd78c948ad8,"Mozilla/5.0 (Android 14) AppleWebKit/537.36 (KHTML, like Gecko) Chrome/120.0.0.0 Safari/537.36 OPR/106.0.0.0",Failed,IP blocked,2025-12-26 02:57:47
EVT-000081,28,ava.davis@gmail.com,2.136.102.3,Kuwait,Hawalli,Desktop,a2185e7526309f73b59fb9a6c2cf910e,"Mozilla/5.0 (macOS 13) AppleWebKit/605.1.15 (KHTML, like Gecko) Version/17.0 Safari/605.1.15",Blocked,Suspicious activity,2025-04-12 16:26:11
EVT-000082,24,hthomas@outlook.com,170.14.96.109,India,Bangalore,Desktop,40f9f09750c65ce120c6010f795179de,"Mozilla/5.0 (Linux) AppleWebKit/537.36 (KHTML, like Gecko) Chrome/120.0.0.0 Safari/537.36 Edg/120.0.0.0",Success,,2025-10-30 07:27:28
EVT-000083,7,josephmartinez72@company.com,19.152.124.150,United Kingdom,Edinburgh,Tablet,f539a457301592033681935194fd9504,"Mozilla/5.0 (iOS 17) AppleWebKit/537.36 (KHTML, like Gecko) Chrome/120.0.0.0 Safari/537.36 OPR/106.0.0.0",Success,,2025-10-08 06:26:38
EVT-000084,99,isabellamoore55@hotmail.com,167.238.189.197,India,Bangalore,Mobile,2dcfbc96ba46db8631e58919594ccc3f,"Mozilla/5.0 (iOS 17) AppleWebKit/537.36 (KHTML, like Gecko) Chrome/120.0.0.0 Safari/537.36",Failed,Suspicious activity,2025-08-10 10:11:37
EVT-000085,32,daniel.miller@outlook.com,40.252.243.146,Germany,Hamburg,Desktop,a4a4fa084495b7ee229b29ffa2dfa4e6,"Mozilla/5.0 (Linux) AppleWebKit/537.36 (KHTML, like Gecko) Chrome/120.0.0.0 Safari/537.36 Edg/120.0.0.0",Success,,2024-11-20 14:24:06
EVT-000086,68,ethan_anderson@hotmail.com,223.191.46.114,Qatar,Doha,Mobile,1b48b4f747a24204107dd1dc428d107a,"Mozilla/5.0 (Android 14) AppleWebKit/537.36 (KHTML, like Gecko) Chrome/120.0.0.0 Safari/537.36",Success,,2025-05-01 23:37:14
EVT-000087,41,olivia.brown@company.com,188.240.114.148,Saudi Arabia,Mecca,Desktop,cc1adf45dec4ed52076c5afcc336d899,"Mozilla/5.0 (Windows 11) AppleWebKit/537.36 (KHTML, like Gecko) Chrome/120.0.0.0 Safari/537.36 OPR/106.0.0.0",Success,,2024-07-10 14:01:49
EVT-000088,96,avagonzalez5@email.net,102.27.233.175,UAE,Dubai,Desktop,75a1fb62e7e0895396b74213cea308e1,"Mozilla/5.0 (macOS 14) AppleWebKit/537.36 (KHTML, like Gecko) Chrome/120.0.0.0 Safari/537.36 Edg/120.0.0.0",Success,,2024-02-06 08:59:02
EVT-000089,12,benjamingarcia3@company.com,141.112.227.223,India,Chennai,Desktop,098590212693349ed15e323b99d5a197,"Mozilla/5.0 (Windows 10) AppleWebKit/537.36 (KHTML, like Gecko) Chrome/120.0.0.0 Safari/537.36 OPR/106.0.0.0",Failed,Suspicious activity,2025-04-20 08:21:01
EVT-000090,36,jameswhite82@work.org,11.111.125.54,UAE,Dubai,Tablet,741936b8fd8a5bd56998c6c9dde9adb3,"Mozilla/5.0 (Android 14; rv:121.0) Gecko/20100101 Firefox/121.0",Success,,2024-04-04 16:40:13
EVT-000091,90,harper.rodriguez@hotmail.com,138.128.139.64,Kuwait,Hawalli,Tablet,29eb71a868568fde4f0a5529961bd80e,"Mozilla/5.0 (Android 14) AppleWebKit/605.1.15 (KHTML, like Gecko) Version/17.0 Safari/605.1.15",Failed,Session expired,2025-07-06 10:02:37
EVT-000092,1,emmaanderson4@outlook.com,94.88.120.165,Kuwait,Kuwait City,Desktop,06fb4cd6c16e9f55e4c53602a5ff374d,"Mozilla/5.0 (macOS 14) AppleWebKit/537.36 (KHTML, like Gecko) Chrome/120.0.0.0 Safari/537.36 OPR/106.0.0.0",Failed,Session expired,2024-01-17 01:55:42
EVT-000093,4,sophia_jackson@hotmail.com,71.183.58.60,Singapore,Singapore,Mobile,148211aa68b55ec74ead4a3e4b972fd8,"Mozilla/5.0 (iOS 17; rv:121.0) Gecko/20100101 Firefox/121.0",Failed,Invalid email,2025-06-04 13:44:05
EVT-000094,29,sophia.jackson@gmail.com,136.225.128.38,UAE,Ajman,Desktop,033cdee9ca94800096721d9d401bc0aa,"Mozilla/5.0 (Linux) AppleWebKit/605.1.15 (KHTML, like Gecko) Version/17.0 Safari/605.1.15",Success,,2024-04-01 22:44:59
EVT-000095,50,amelia_white@hotmail.com,60.83.2.2,United Kingdom,Manchester,Mobile,5e8780b42c490df6f8f7fc0914794c28,"Mozilla/5.0 (iOS 17) AppleWebKit/537.36 (KHTML, like Gecko) Chrome/120.0.0.0 Safari/537.36",Success,,2024-05-11 16:51:23
EVT-000096,47,benjaminmiller19@gmail.com,108.23.45.126,United Kingdom,Manchester,Desktop,83afe13d4ef4750db760da846a77c52e,"Mozilla/5.0 (macOS 13) AppleWebKit/605.1.15 (KHTML, like Gecko) Version/17.0 Safari/605.1.15",Blocked,Too many attempts,2025-11-15 02:32:38
EVT-000097,57,olivia.brown@gmail.com,6.219.203.167,France,Nice,Mobile,e4163808887f4ebe01beb711b5d98e70,"Mozilla/5.0 (iOS 17) AppleWebKit/537.36 (KHTML, like Gecko) Chrome/120.0.0.0 Safari/537.36 Edg/120.0.0.0",Success,,2025-10-02 01:48:00
EVT-000098,54,michael_white@outlook.com,151.14.189.38,Kuwait,Kuwait City,Mobile,9ea41827ae8b5a05c665763e40a03114,"Mozilla/5.0 (iOS 17) AppleWebKit/537.36 (KHTML, like Gecko) Chrome/120.0.0.0 Safari/537.36 OPR/106.0.0.0",Success,,2025-03-26 22:09:17
EVT-000099,4,charlotte.taylor@work.org,78.238.17.44,Japan,Osaka,Desktop,39015d943b6b4c1bf7119b730242028f,"Mozilla/5.0 (macOS 13; rv:121.0) Gecko/20100101 Firefox/121.0",Success,,2024-10-14 23:48:03
EVT-000100,2,mgonzalez@work.org,154.223.96.40,Saudi Arabia,Dammam,Mobile,2ed6b4e1852392908a6b769d5d28cab3,"Mozilla/5.0 (iOS 17) AppleWebKit/537.36 (KHTML, like Gecko) Chrome/120.0.0.0 Safari/537.36 Edg/120.0.0.0",Blocked,Suspicious activity,2025-08-18 18:03:25
EVT-000101,21,alexander_wilson@yahoo.com,61.223.42.152,Brazil,Sao Paulo,Mobile,9ef3f8bc560d8ae5a1e5f266f6c9372c,"Mozilla/5.0 (Android 14) AppleWebKit/537.36 (KHTML, like Gecko) Chrome/120.0.0.0 Safari/537.36",Success,,2025-06-15 10:33:55
EVT-000102,97,ogarcia@gmail.com,181.246.179.239,Singapore,Singapore,Desktop,138f43eab8b8172e5c9362df0784ad28,"Mozilla/5.0 (Windows 10) AppleWebKit/605.1.15 (KHTML, like Gecko) Version/17.0 Safari/605.1.15",Success,,2024-01-23 21:46:30
EVT-000103,31,jmoore@email.net,71.87.236.16,India,Mumbai,Desktop,7080f90befd89220aa8422e762bf57bb,"Mozilla/5.0 (Windows 10) AppleWebKit/537.36 (KHTML, like Gecko) Chrome/120.0.0.0 Safari/537.36",Success,,2025-09-24 22:18:53
EVT-000104,19,hmiller@work.org,8.90.90.199,Bahrain,Riffa,Mobile,483df02baa1c19bfda5dde5daf0297a5,"Mozilla/5.0 (Android 14) AppleWebKit/537.36 (KHTML, like Gecko) Chrome/120.0.0.0 Safari/537.36 OPR/106.0.0.0",Success,,2025-12-06 10:17:51
EVT-000105,42,sophia.hernandez@hotmail.com,32.94.97.82,United States,Miami,Mobile,f1f2041b390c333591f00e318863eb51,"Mozilla/5.0 (iOS 17) AppleWebKit/537.36 (KHTML, like Gecko) Chrome/120.0.0.0 Safari/537.36",Success,,2024-12-14 05:35:22
EVT-000106,39,matthewgarcia77@outlook.com,168.151.2.181,Kuwait,Hawalli,Mobile,681728e646d21d0e9084b4dd20b05ec6,"Mozilla/5.0 (Android 14) AppleWebKit/537.36 (KHTML, like Gecko) Chrome/120.0.0.0 Safari/537.36 OPR/106.0.0.0",Success,,2024-10-20 02:05:37
EVT-000107,83,matthew_taylor@outlook.com,102.159.175.146,United Kingdom,Edinburgh,Mobile,eefa271efd314c4f610fc325a26ba3fd,"Mozilla/5.0 (Android 14) AppleWebKit/537.36 (KHTML, like Gecko) Chrome/120.0.0.0 Safari/537.36 OPR/106.0.0.0",Failed,Suspicious activity,2025-09-21 23:04:24
EVT-000108,18,wbrown@company.com,40.12.150.164,India,Mumbai,Mobile,65b36ed9ae18eca26e3a283138b58da7,"Mozilla/5.0 (iOS 17) AppleWebKit/537.36 (KHTML, like Gecko) Chrome/120.0.0.0 Safari/537.36",Blocked,Invalid password,2025-01-26 15:11:17
EVT-000109,56,matthew_martinez@outlook.com,82.250.10.130,Singapore,Singapore,Tablet,636e32ff770e57b986f7c56405636d9b,"Mozilla/5.0 (Android 14) AppleWebKit/605.1.15 (KHTML, like Gecko) Version/17.0 Safari/605.1.15",Success,,2024-11-22 09:45:08
EVT-000110,58,james.lopez@yahoo.com,61.75.172.25,Bahrain,Riffa,Desktop,daff1dbeb093cc44bc0d685569bc982b,"Mozilla/5.0 (macOS 13; rv:121.0) Gecko/20100101 Firefox/121.0",Failed,MFA failed,2025-11-23 14:50:55
EVT-000111,32,sarahthomas93@gmail.com,85.53.74.92,Germany,Berlin,Mobile,b1ea8dc5bdbf72d9202df6b3b9c39edb,"Mozilla/5.0 (Android 14) AppleWebKit/537.36 (KHTML, like Gecko) Chrome/120.0.0.0 Safari/537.36 Edg/120.0.0.0",Success,,2024-04-08 16:25:43
EVT-000112,2,smartin@work.org,180.95.13.187,Singapore,Singapore,Mobile,fe33f769909fa4b81aebaf61499dbc70,"Mozilla/5.0 (iOS 17) AppleWebKit/537.36 (KHTML, like Gecko) Chrome/120.0.0.0 Safari/537.36 Edg/120.0.0.0",Success,,2024-11-26 06:38:35
EVT-000113,36,ethan.gonzalez@yahoo.com,18.16.74.58,France,Marseille,Desktop,e3b6c34851109ebe46066777f27651a1,"Mozilla/5.0 (macOS 14) AppleWebKit/537.36 (KHTML, like Gecko) Chrome/120.0.0.0 Safari/537.36 OPR/106.0.0.0",Success,,2025-07-01 01:12:17
EVT-000114,39,harper_anderson@gmail.com,165.42.60.164,Kuwait,Hawalli,Mobile,7827e35cafb69624e144c7f6e876df82,"Mozilla/5.0 (iOS 17) AppleWebKit/537.36 (KHTML, like Gecko) Chrome/120.0.0.0 Safari/537.36 Edg/120.0.0.0",Success,,2025-11-23 01:38:00
EVT-000115,66,wsmith@hotmail.com,97.126.198.203,Australia,Sydney,Desktop,555b477873ef3e8078c9de51ff0cbad0,"Mozilla/5.0 (Windows 10) AppleWebKit/537.36 (KHTML, like Gecko) Chrome/120.0.0.0 Safari/537.36 OPR/106.0.0.0",Success,,2025-01-02 13:06:52
EVT-000116,68,matthew_lee@email.net,208.62.11.73,Germany,Frankfurt,Desktop,d0afce001f2f636ebe921f8ed56f0b82,"Mozilla/5.0 (Linux; rv:121.0) Gecko/20100101 Firefox/121.0",Failed,Invalid password,2025-09-21 08:01:28
EVT-000117,89,htaylor@email.net,70.201.142.113,Singapore,Singapore,Desktop,b31a221b5a6fdd64c8682c704ba89476,"Mozilla/5.0 (macOS 14) AppleWebKit/605.1.15 (KHTML, like Gecko) Version/17.0 Safari/605.1.15",Success,,2025-11-27 09:50:42
EVT-000118,17,ava.davis@work.org,155.199.226.1,Singapore,Singapore,Mobile,9072c184832a4070e127af1aace02e03,"Mozilla/5.0 (iOS 17) AppleWebKit/537.36 (KHTML, like Gecko) Chrome/120.0.0.0 Safari/537.36",Failed,Invalid email,2024-08-16 23:17:00
EVT-000119,95,jamesrodriguez78@work.org,34.31.21.158,UAE,Dubai,Mobile,42040e2a7b84ab2281dd5457b821b821,"Mozilla/5.0 (Android 14) AppleWebKit/537.36 (KHTML, like Gecko) Chrome/120.0.0.0 Safari/537.36 Edg/120.0.0.0",Failed,Too many attempts,2024-12-05 14:01:01
EVT-000120,40,cdavis@yahoo.com,148.227.121.242,Germany,Munich,Tablet,7a329997e92f34b2c0f3e5bafa8fecdc,"Mozilla/5.0 (Android 14) AppleWebKit/537.36 (KHTML, like Gecko) Chrome/120.0.0.0 Safari/537.36 Edg/120.0.0.0",Success,,2025-04-24 12:13:14
EVT-000121,6,williamhernandez35@gmail.com,153.150.27.198,Kuwait,Kuwait City,Desktop,324568a693c48aa3df8327333c62ce39,"Mozilla/5.0 (macOS 14) AppleWebKit/537.36 (KHTML, like Gecko) Chrome/120.0.0.0 Safari/537.36",Success,,2025-08-06 14:40:02
EVT-000122,62,wgonzalez@gmail.com,167.133.184.109,Saudi Arabia,Mecca,Tablet,91ddbf160049b1521dbbfb99e1bcacff,"Mozilla/5.0 (Android 14; rv:121.0) Gecko/20100101 Firefox/121.0",Success,,2025-08-25 19:24:33
EVT-000123,100,sarah.martin@yahoo.com,110.61.93.184,Saudi Arabia,Mecca,Mobile,917b86d7d80791eb12e522aa25118ada,"Mozilla/5.0 (Android 14) AppleWebKit/537.36 (KHTML, like Gecko) Chrome/120.0.0.0 Safari/537.36 OPR/106.0.0.0",Success,,2025-07-29 11:30:17
EVT-000124,17,alexander_jackson@gmail.com,113.48.252.21,Japan,Kyoto,Desktop,2f8a7d7fccd04773755fcab4aa7c48bd,"Mozilla/5.0 (Windows 10) AppleWebKit/537.36 (KHTML, like Gecko) Chrome/120.0.0.0 Safari/537.36 OPR/106.0.0.0",Success,,2025-08-25 14:53:43
EVT-000125,98,james_lee@yahoo.com,80.156.245.168,Saudi Arabia,Riyadh,Mobile,f1339152942ea601c3a9fd9c52b3cda7,"Mozilla/5.0 (Android 14) AppleWebKit/605.1.15 (KHTML, like Gecko) Version/17.0 Safari/605.1.15",Failed,Invalid password,2024-05-10 01:26:27
EVT-000126,68,john_miller@outlook.com,79.218.252.101,Germany,Munich,Desktop,78fc770ad693d045ca76c884df8bd693,"Mozilla/5.0 (Windows 11; rv:121.0) Gecko/20100101 Firefox/121.0",Blocked,Account locked,2025-04-11 10:06:51
EVT-000127,69,matthew.anderson@outlook.com,67.217.132.184,United States,Houston,Desktop,efd1cb7eb024828908d7183ac36867ac,"Mozilla/5.0 (Linux; rv:121.0) Gecko/20100101 Firefox/121.0",Success,,2025-08-10 01:32:59
EVT-000128,64,ethan_hernandez@outlook.com,136.14.208.110,Japan,Kyoto,Mobile,7aaad2ba97f4dd1146a96d5764e7891e,"Mozilla/5.0 (iOS 17) AppleWebKit/537.36 (KHTML, like Gecko) Chrome/120.0.0.0 Safari/537.36 Edg/120.0.0.0",Success,,2024-08-25 14:11:36
EVT-000129,92,alexanderwhite22@company.com,171.239.18.75,Qatar,Doha,Mobile,19ea696564d88fd770eb02c139731ae9,"Mozilla/5.0 (iOS 17) AppleWebKit/605.1.15 (KHTML, like Gecko) Version/17.0 Safari/605.1.15",Failed,Suspicious activity,2024-08-24 01:08:54
EVT-000130,91,sarah.davis@work.org,169.141.240.129,United Kingdom,London,Desktop,62248047cc5eb4a8f64a7abbaf3f8045,"Mozilla/5.0 (Windows 11) AppleWebKit/537.36 (KHTML, like Gecko) Chrome/120.0.0.0 Safari/537.36 OPR/106.0.0.0",Success,,2024-07-13 04:56:04
EVT-000131,5,ithomas@yahoo.com,3.246.53.59,Australia,Sydney,Tablet,c683bc504637bc37266e7a03670cee5d,"Mozilla/5.0 (iOS 17; rv:121.0) Gecko/20100101 Firefox/121.0",Success,,2025-05-02 13:23:02
EVT-000132,57,hwilson@hotmail.com,198.140.180.28,France,Paris,Mobile,bedea0616b47c099e046bf15dc42a8fe,"Mozilla/5.0 (iOS 17; rv:121.0) Gecko/20100101 Firefox/121.0",Success,,2024-10-13 19:02:01
EVT-000133,24,erodriguez@email.net,122.43.219.55,Saudi Arabia,Dammam,Mobile,e565ea768b9ae5f821b35838992079e8,"Mozilla/5.0 (iOS 17; rv:121.0) Gecko/20100101 Firefox/121.0",Blocked,Too many attempts,2024-06-27 23:51:54
EVT-000134,71,jameswhite54@gmail.com,34.91.216.237,Canada,Montreal,Mobile,cbd476053d1c8d5cb4a46a96f25914f2,"Mozilla/5.0 (Android 14) AppleWebKit/537.36 (KHTML, like Gecko) Chrome/120.0.0.0 Safari/537.36 OPR/106.0.0.0",Success,,2025-05-07 14:29:41
EVT-000135,30,harper.hernandez@gmail.com,47.118.125.25,United States,Chicago,Mobile,b721b1c7d15eeda21d1f1001670e8b19,"Mozilla/5.0 (Android 14; rv:121.0) Gecko/20100101 Firefox/121.0",Success,,2025-11-12 16:29:12
EVT-000136,91,harper.davis@hotmail.com,204.163.244.1,Japan,Osaka,Mobile,67b35615587246c0ce26a316266011e0,"Mozilla/5.0 (iOS 17) AppleWebKit/537.36 (KHTML, like Gecko) Chrome/120.0.0.0 Safari/537.36 Edg/120.0.0.0",Blocked,IP blocked,2025-03-26 10:55:49
EVT-000137,26,oliviabrown50@work.org,31.16.228.230,Qatar,Al Wakrah,Tablet,b14d6e393d3040ebfa3d8026a0a8ef6d,"Mozilla/5.0 (Android 14) AppleWebKit/537.36 (KHTML, like Gecko) Chrome/120.0.0.0 Safari/537.36",Success,,2025-03-20 13:28:32
EVT-000138,66,james_gonzalez@outlook.com,74.111.87.63,UAE,Dubai,Desktop,74db42a8156102d7d8ba5df18705233d,"Mozilla/5.0 (macOS 14; rv:121.0) Gecko/20100101 Firefox/121.0",Blocked,Suspicious activity,2025-05-27 20:46:27
EVT-000139,36,amelia.lopez@yahoo.com,182.142.182.18,Brazil,Brasilia,Tablet,af872f04510f5a10c5eb140e70202627,"Mozilla/5.0 (iOS 17) AppleWebKit/537.36 (KHTML, like Gecko) Chrome/120.0.0.0 Safari/537.36",Success,,2024-11-16 22:44:34
EVT-000140,99,matthew.lopez@gmail.com,126.65.50.208,Brazil,Rio de Janeiro,Mobile,58992d2669d3bfa19f197ff19757fd51,"Mozilla/5.0 (iOS 17) AppleWebKit/605.1.15 (KHTML, like Gecko) Version/17.0 Safari/605.1.15",Success,,2024-05-27 04:43:54
EVT-000141,20,sarah.rodriguez@work.org,82.235.116.97,Kuwait,Hawalli,Desktop,688495c56431c1129fb6ba354a934962,"Mozilla/5.0 (Windows 10) AppleWebKit/605.1.15 (KHTML, like Gecko) Version/17.0 Safari/605.1.15",Success,,2024-06-15 11:18:00
EVT-000142,59,wharris@work.org,8.208.203.169,Bahrain,Manama,Mobile,ff7f5229cc46fe1cd12837aeef69a972,"Mozilla/5.0 (iOS 17) AppleWebKit/605.1.15 (KHTML, like Gecko) Version/17.0 Safari/605.1.15",Success,,2025-02-20 02:14:03
EVT-000143,31,jlee@gmail.com,62.216.99.130,Germany,Munich,Mobile,f59720f2bdcca9154abb4571fd41e07d,"Mozilla/5.0 (Android 14) AppleWebKit/537.36 (KHTML, like Gecko) Chrome/120.0.0.0 Safari/537.36 Edg/120.0.0.0",Success,,2025-12-04 19:49:25
EVT-000144,76,ameliabrown99@company.com,194.161.213.180,Saudi Arabia,Mecca,Tablet,b10e9bf5fd6963e88d9907dca045ead8,"Mozilla/5.0 (Android 14) AppleWebKit/605.1.15 (KHTML, like Gecko) Version/17.0 Safari/605.1.15",Blocked,Suspicious activity,2024-09-07 00:52:40
EVT-000145,63,ameliabrown60@work.org,9.193.211.3,India,Chennai,Tablet,8aaa85b1ccdeeb2d4bee758ad113d344,"Mozilla/5.0 (iOS 17) AppleWebKit/537.36 (KHTML, like Gecko) Chrome/120.0.0.0 Safari/537.36",Success,,2025-10-23 22:29:11
EVT-000146,80,jmartin@outlook.com,180.251.51.178,Saudi Arabia,Dammam,Tablet,3f0a958b11cd813f53ffca4470ef9458,"Mozilla/5.0 (iOS 17) AppleWebKit/537.36 (KHTML, like Gecko) Chrome/120.0.0.0 Safari/537.36",Failed,Invalid email,2024-04-14 22:55:51
EVT-000147,68,emmalee82@outlook.com,222.162.206.146,Japan,Yokohama,Desktop,c0a5d027f932bb19df1067ed995ba4c0,"Mozilla/5.0 (Windows 10) AppleWebKit/537.36 (KHTML, like Gecko) Chrome/120.0.0.0 Safari/537.36",Success,,2025-05-17 08:32:52
EVT-000148,45,alexander_davis@hotmail.com,50.242.248.25,United Kingdom,Manchester,Desktop,45ae113bf66708b5127758584620b789,"Mozilla/5.0 (macOS 13) AppleWebKit/537.36 (KHTML, like Gecko) Chrome/120.0.0.0 Safari/537.36",Failed,Too many attempts,2025-04-29 09:29:14
EVT-000149,98,benjaminwilson99@yahoo.com,136.93.198.16,Japan,Tokyo,Desktop,a3ee411ea8b24d97753c490cc6442a8f,"Mozilla/5.0 (Linux) AppleWebKit/537.36 (KHTML, like Gecko) Chrome/120.0.0.0 Safari/537.36 OPR/106.0.0.0",Success,,2025-07-03 07:25:19
EVT-000150,3,harpermartinez80@email.net,22.200.61.35,United States,Houston,Tablet,dcb54dd890538f6860a51304141137fa,"Mozilla/5.0 (iOS 17; rv:121.0) Gecko/20100101 Firefox/121.0",Success,,2025-05-22 01:01:17
EVT-000151,16,charlotte_lee@work.org,15.219.125.240,Brazil,Sao Paulo,Mobile,b0e5cfc94b2172a533e18fd2801e09ca,"Mozilla/5.0 (iOS 17) AppleWebKit/537.36 (KHTML, like Gecko) Chrome/120.0.0.0 Safari/537.36",Blocked,Too many attempts,2024-09-08 21:16:50
EVT-000152,78,smartin@hotmail.com,117.41.213.19,Singapore,Singapore,Desktop,8b6cbb971749db7aaa40332f55c5c31b,"Mozilla/5.0 (macOS 13; rv:121.0) Gecko/20100101 Firefox/121.0",Blocked,MFA failed,2025-07-13 20:06:23
EVT-000153,68,alexander.lopez@company.com,71.66.69.208,Singapore,Singapore,Desktop,ab41474baa67839a9de0fb415a1b46e5,"Mozilla/5.0 (macOS 13) AppleWebKit/537.36 (KHTML, like Gecko) Chrome/120.0.0.0 Safari/537.36 OPR/106.0.0.0",Success,,2025-11-22 13:41:24
EVT-000154,11,hthomas@outlook.com,49.115.92.247,Kuwait,Hawalli,Desktop,9df07dc6093d73e5c1cacc75687befba,"Mozilla/5.0 (macOS 13; rv:121.0) Gecko/20100101 Firefox/121.0",Failed,Session expired,2025-06-25 11:18:04
EVT-000155,83,josephwhite36@work.org,60.132.229.13,Brazil,Brasilia,Tablet,f809bdda67cc76279e8c9c3c5409b801,"Mozilla/5.0 (iOS 17) AppleWebKit/605.1.15 (KHTML, like Gecko) Version/17.0 Safari/605.1.15",Blocked,Invalid email,2024-02-02 00:27:33
EVT-000156,82,harper.martin@company.com,117.76.148.239,Kuwait,Kuwait City,Desktop,5d87a609e2dbdae5f4808c28636f7921,"Mozilla/5.0 (Windows 10) AppleWebKit/537.36 (KHTML, like Gecko) Chrome/120.0.0.0 Safari/537.36 Edg/120.0.0.0",Success,,2024-07-07 03:34:58
EVT-000157,58,michaelanderson60@company.com,133.171.193.40,Singapore,Singapore,Desktop,0a53845b5433271fd3382ba21ceca3af,"Mozilla/5.0 (Linux) AppleWebKit/605.1.15 (KHTML, like Gecko) Version/17.0 Safari/605.1.15",Blocked,IP blocked,2025-07-09 16:07:33
EVT-000158,8,emma.taylor@work.org,131.29.250.176,France,Marseille,Tablet,9033bda8f148d426f4d6d1680f498db6,"Mozilla/5.0 (Android 14) AppleWebKit/537.36 (KHTML, like Gecko) Chrome/120.0.0.0 Safari/537.36 Edg/120.0.0.0",Blocked,Too many attempts,2025-04-01 16:40:32
EVT-000159,11,benjamin_hernandez@outlook.com,135.65.42.53,UAE,Abu Dhabi,Mobile,fd4e75262c411bf796dcbd5f989f966f,"Mozilla/5.0 (Android 14) AppleWebKit/605.1.15 (KHTML, like Gecko) Version/17.0 Safari/605.1.15",Failed,Too many attempts,2025-03-16 21:12:20
EVT-000160,64,aharris@company.com,134.247.186.32,Japan,Tokyo,Desktop,eab5780c84a571b9631db6af47bd2dd3,"Mozilla/5.0 (macOS 14) AppleWebKit/537.36 (KHTML, like Gecko) Chrome/120.0.0.0 Safari/537.36",Success,,2024-07-06 11:35:29
EVT-000161,29,john_smith@hotmail.com,32.224.22.138,Singapore,Singapore,Desktop,5d87f433ee25285987cdb8a435bce4e2,"Mozilla/5.0 (Windows 10) AppleWebKit/537.36 (KHTML, like Gecko) Chrome/120.0.0.0 Safari/537.36 OPR/106.0.0.0",Success,,2024-05-23 13:51:51
EVT-000162,55,olivia_white@hotmail.com,75.72.38.227,UAE,Sharjah,Desktop,ba96e51957f93c93dfc41fe9e2e1aa53,"Mozilla/5.0 (Linux) AppleWebKit/537.36 (KHTML, like Gecko) Chrome/120.0.0.0 Safari/537.36",Success,,2025-05-22 05:30:39
EVT-000163,97,alexander.moore@email.net,67.72.184.93,Kuwait,Hawalli,Desktop,2c559471fcd83a35a06070e3ceefa303,"Mozilla/5.0 (Linux) AppleWebKit/537.36 (KHTML, like Gecko) Chrome/120.0.0.0 Safari/537.36 OPR/106.0.0.0",Success,,2024-08-28 00:36:06
EVT-000164,19,amelia_miller@email.net,15.93.151.36,Germany,Berlin,Tablet,ed462bc69e60b884c687de453560cbd8,"Mozilla/5.0 (Android 14; rv:121.0) Gecko/20100101 Firefox/121.0",Failed,Invalid password,2024-06-04 15:14:15
EVT-000165,17,ehernandez@email.net,128.213.122.148,Japan,Tokyo,Mobile,7259394d270e91c1ebcffdea6351746d,"Mozilla/5.0 (Android 14) AppleWebKit/537.36 (KHTML, like Gecko) Chrome/120.0.0.0 Safari/537.36 Edg/120.0.0.0",Success,,2024-12-02 13:32:15
EVT-000166,46,emmajackson57@company.com,77.27.233.248,United States,Los Angeles,Mobile,d654b6557f2c5268b24a7cfb275b0170,"Mozilla/5.0 (Android 14) AppleWebKit/537.36 (KHTML, like Gecko) Chrome/120.0.0.0 Safari/537.36",Success,,2025-05-25 01:28:33
EVT-000167,8,charlotte_miller@gmail.com,90.50.204.192,United Kingdom,Liverpool,Mobile,6209a43885cace5183bd11f513ea38f6,"Mozilla/5.0 (iOS 17; rv:121.0) Gecko/20100101 Firefox/121.0",Success,,2025-07-31 14:29:41
EVT-000168,41,hdavis@email.net,51.59.52.252,Kuwait,Hawalli,Mobile,93f4029a2218b8806bc2eb2996e4207f,"Mozilla/5.0 (iOS 17) AppleWebKit/537.36 (KHTML, like Gecko) Chrome/120.0.0.0 Safari/537.36",Success,,2025-11-28 06:42:05
EVT-000169,1,emma_martinez@outlook.com,85.6.37.114,Canada,Montreal,Mobile,de0e7979e1c57d71eb1c0728a6af3172,"Mozilla/5.0 (Android 14) AppleWebKit/605.1.15 (KHTML, like Gecko) Version/17.0 Safari/605.1.15",Success,,2024-10-16 22:43:13
EVT-000170,34,amelia.gonzalez@yahoo.com,98.253.226.189,France,Marseille,Tablet,5f9056aa214ecf33b72945ab5907703d,"Mozilla/5.0 (Android 14) AppleWebKit/605.1.15 (KHTML, like Gecko) Version/17.0 Safari/605.1.15",Success,,2025-07-28 17:50:19
EVT-000171,12,avawilson12@yahoo.com,35.90.97.60,Japan,Kyoto,Tablet,b1e94b9e5f73a0f1c01b5a9752c14a4f,"Mozilla/5.0 (Android 14) AppleWebKit/537.36 (KHTML, like Gecko) Chrome/120.0.0.0 Safari/537.36 OPR/106.0.0.0",Success,,2024-02-11 06:49:12
EVT-000172,96,jmoore@work.org,60.62.15.97,United States,San Francisco,Desktop,c224c89fd345ae393f97c45e2c6c90b9,"Mozilla/5.0 (macOS 14) AppleWebKit/537.36 (KHTML, like Gecko) Chrome/120.0.0.0 Safari/537.36 Edg/120.0.0.0",Success,,2024-06-06 12:00:33
EVT-000173,67,olivia_martin@company.com,165.92.77.30,France,Nice,Desktop,5d49e0db42a447531e13ab8740e32cfe,"Mozilla/5.0 (macOS 14; rv:121.0) Gecko/20100101 Firefox/121.0",Success,,2025-03-12 06:57:31
EVT-000174,11,william.gonzalez@gmail.com,9.83.178.64,Singapore,Singapore,Mobile,808cd7c057e8dc5d96ab739987eb81b4,"Mozilla/5.0 (Android 14) AppleWebKit/605.1.15 (KHTML, like Gecko) Version/17.0 Safari/605.1.15",Success,,2025-01-24 10:32:01
EVT-000175,6,jmartinez@yahoo.com,170.123.13.245,Australia,Melbourne,Desktop,01a55cf4fd5fb425b05ac069dd244951,"Mozilla/5.0 (macOS 13) AppleWebKit/537.36 (KHTML, like Gecko) Chrome/120.0.0.0 Safari/537.36 Edg/120.0.0.0",Success,,2025-12-29 00:32:36
EVT-000176,19,jameslopez55@work.org,71.46.188.38,Singapore,Singapore,Mobile,0db15317186113221db8bfae15ed25d5,"Mozilla/5.0 (Android 14) AppleWebKit/537.36 (KHTML, like Gecko) Chrome/120.0.0.0 Safari/537.36",Success,,2025-05-25 01:13:37
EVT-000177,56,wlopez@outlook.com,140.214.254.19,Singapore,Singapore,Mobile,5feda65a26f5413b38948da331861b2f,"Mozilla/5.0 (Android 14; rv:121.0) Gecko/20100101 Firefox/121.0",Success,,2024-07-30 08:09:10
EVT-000178,2,isabellagarcia8@outlook.com,125.59.122.216,Japan,Yokohama,Mobile,d99feda8dc78f56f5c69a03c39081cba,"Mozilla/5.0 (Android 14) AppleWebKit/537.36 (KHTML, like Gecko) Chrome/120.0.0.0 Safari/537.36",Success,,2025-03-21 02:20:50
EVT-000179,41,matthew.wilson@company.com,141.83.56.218,Singapore,Singapore,Desktop,1d192e00d2335de86a99855619665297,"Mozilla/5.0 (Windows 10) AppleWebKit/537.36 (KHTML, like Gecko) Chrome/120.0.0.0 Safari/537.36 Edg/120.0.0.0",Failed,Too many attempts,2024-03-10 23:50:20
EVT-000180,48,joseph_davis@work.org,123.54.36.105,Kuwait,Kuwait City,Tablet,2a531c75d2f56fefd8276fa3686f28d3,"Mozilla/5.0 (Android 14) AppleWebKit/537.36 (KHTML, like Gecko) Chrome/120.0.0.0 Safari/537.36",Success,,2025-07-30 23:19:26
EVT-000181,44,alexander.wilson@yahoo.com,24.8.55.199,United Kingdom,Edinburgh,Desktop,5c4cb71a523b6083cc11b3719a747208,"Mozilla/5.0 (macOS 13; rv:121.0) Gecko/20100101 Firefox/121.0",Success,,2025-03-09 02:07:03
EVT-000182,72,ehernandez@hotmail.com,56.92.222.221,Brazil,Rio de Janeiro,Mobile,9ea795b97c5b6b039220161feffbf923,"Mozilla/5.0 (iOS 17) AppleWebKit/537.36 (KHTML, like Gecko) Chrome/120.0.0.0 Safari/537.36 Edg/120.0.0.0",Success,,2024-08-19 17:09:48
EVT-000183,20,benjaminhernandez63@work.org,35.32.165.91,Kuwait,Kuwait City,Desktop,18b00973672441145360da94ad709b92,"Mozilla/5.0 (macOS 13) AppleWebKit/537.36 (KHTML, like Gecko) Chrome/120.0.0.0 Safari/537.36 OPR/106.0.0.0",Success,,2025-11-13 23:20:13
EVT-000184,24,sarah_jackson@work.org,95.9.232.29,Saudi Arabia,Riyadh,Desktop,fb7e457bad21c13d10b14384802b9df7,"Mozilla/5.0 (Windows 10) AppleWebKit/537.36 (KHTML, like Gecko) Chrome/120.0.0.0 Safari/537.36 Edg/120.0.0.0",Success,,2024-07-11 01:24:17
EVT-000185,22,cjackson@yahoo.com,163.25.199.75,United States,Houston,Mobile,0f423676d803087867176f735b9a3f56,"Mozilla/5.0 (Android 14; rv:121.0) Gecko/20100101 Firefox/121.0",Success,,2024-12-22 01:52:23
EVT-000186,7,jhernandez@email.net,76.172.194.61,Saudi Arabia,Jeddah,Desktop,8df905d30e5337cea3e3d736f28eced9,"Mozilla/5.0 (macOS 13) AppleWebKit/537.36 (KHTML, like Gecko) Chrome/120.0.0.0 Safari/537.36 OPR/106.0.0.0",Success,,2024-12-03 11:34:49
EVT-000187,33,isabella.lee@company.com,201.122.105.99,Canada,Vancouver,Tablet,0b302a84e95214067cb1f28197a37340,"Mozilla/5.0 (iOS 17; rv:121.0) Gecko/20100101 Firefox/121.0",Success,,2025-02-26 05:32:20
EVT-000188,73,sophiawilson95@work.org,78.125.183.223,India,Bangalore,Mobile,155669f4289592f260c29d222cba0b5f,"Mozilla/5.0 (Android 14; rv:121.0) Gecko/20100101 Firefox/121.0",Success,,2024-09-06 12:24:24
EVT-000189,5,james_smith@company.com,204.247.129.170,India,Chennai,Desktop,4f3cbb7d5d73ee6e0b871e193c201d67,"Mozilla/5.0 (macOS 14; rv:121.0) Gecko/20100101 Firefox/121.0",Failed,Account locked,2025-10-23 02:31:40
EVT-000190,32,john.davis@hotmail.com,188.99.252.2,Japan,Tokyo,Tablet,26268f6a8cdc23d1a1e0c8c2a4c81d6e,"Mozilla/5.0 (Android 14) AppleWebKit/537.36 (KHTML, like Gecko) Chrome/120.0.0.0 Safari/537.36 OPR/106.0.0.0",Success,,2024-09-26 04:28:26
EVT-000191,68,amartinez@yahoo.com,149.243.187.111,India,Bangalore,Desktop,c89a8d5d4b45cad1bd59d40bc6e2390d,"Mozilla/5.0 (macOS 13; rv:121.0) Gecko/20100101 Firefox/121.0",Failed,Invalid password,2024-10-31 09:17:58
EVT-000192,74,emiller@company.com,193.48.89.18,United Kingdom,Liverpool,Desktop,3300b611950c9b20af7fe21689599a4a,"Mozilla/5.0 (Linux; rv:121.0) Gecko/20100101 Firefox/121.0",Success,,2024-02-05 21:22:05
EVT-000193,9,wtaylor@gmail.com,71.110.62.11,Canada,Calgary,Desktop,1ec7db4a285efa8cc925cacb411f06f4,"Mozilla/5.0 (macOS 14) AppleWebKit/605.1.15 (KHTML, like Gecko) Version/17.0 Safari/605.1.15",Failed,Suspicious activity,2024-05-10 23:54:33
EVT-000194,73,sarah_smith@outlook.com,179.187.219.221,United States,Seattle,Desktop,6ff9d727dc190cb08ae351bfc838f141,"Mozilla/5.0 (macOS 14) AppleWebKit/537.36 (KHTML, like Gecko) Chrome/120.0.0.0 Safari/537.36 Edg/120.0.0.0",Success,,2024-04-18 21:51:08
EVT-000195,18,harper_harris@company.com,15.251.16.194,United Kingdom,Edinburgh,Mobile,e42a77ed073905e863956d2f630d0e6c,"Mozilla/5.0 (iOS 17) AppleWebKit/537.36 (KHTML, like Gecko) Chrome/120.0.0.0 Safari/537.36 Edg/120.0.0.0",Success,,2025-05-06 15:05:11
EVT-000196,32,mia.harris@hotmail.com,156.40.56.158,Bahrain,Riffa,Mobile,bd69eaf30abba2fa3b0f840e4b12743e,"Mozilla/5.0 (Android 14) AppleWebKit/537.36 (KHTML, like Gecko) Chrome/120.0.0.0 Safari/537.36",Success,,2025-10-08 02:07:01
EVT-000197,83,ethan_martinez@work.org,25.16.161.175,Qatar,Doha,Desktop,743871cb62656acccc8f2c49cf614018,"Mozilla/5.0 (Linux) AppleWebKit/537.36 (KHTML, like Gecko) Chrome/120.0.0.0 Safari/537.36 OPR/106.0.0.0",Success,,2024-01-01 23:36:06
EVT-000198,38,ahernandez@company.com,149.106.198.69,Singapore,Singapore,Desktop,ad6ebd1b372cd1ee73917bddef5eab00,"Mozilla/5.0 (Windows 10) AppleWebKit/537.36 (KHTML, like Gecko) Chrome/120.0.0.0 Safari/537.36 Edg/120.0.0.0",Blocked,Account locked,2024-03-01 15:08:47
EVT-000199,80,amiller@yahoo.com,8.241.197.112,Germany,Hamburg,Tablet,39f5cd32738e628944adcd1c65c23fe8,"Mozilla/5.0 (iOS 17) AppleWebKit/605.1.15 (KHTML, like Gecko) Version/17.0 Safari/605.1.15",Success,,2025-01-29 15:25:10
EVT-000200,64,mia_davis@outlook.com,18.177.21.87,United States,Miami,Desktop,1598e9415075d40eacfae2b7566b655a,"Mozilla/5.0 (Linux) AppleWebKit/605.1.15 (KHTML, like Gecko) Version/17.0 Safari/605.1.15",Success,,2024-04-07 17:54:11
