txn_id,user_id,txn_type,instrument,amount,currency,amount_usd,status,flag_reason,payment_method,external_ref,ip_address,created_at,processed_at
TXN-000001,86,Refund,XRP/USD,18965.78,AUD,12327.76,Completed,,Wire Transfer,EXT-XQ01LWYF63TD,128.74.249.135,3/31/24 6:07,3/31/24 18:08
TXN-000002,9,Deposit,AMZN,1394.77,AUD,906.6,Failed,,Bank Transfer,EXT-TR0NB0HQNCKD,159.219.125.82,5/29/25 18:11,5/30/25 3:00
TXN-000003,83,Withdrawal,AAPL,9845.6,CAD,7285.74,Cancelled,,Wire Transfer,EXT-7UJ89XK6ZODR,96.142.98.142,10/12/24 8:49,10/12/24 8:12
TXN-000004,49,Transfer,DAX,8934.1,USD,8934.1,Failed,,E-Wallet,EXT-VV9FPQLJ1PIO,151.85.182.73,12/10/25 2:55,12/10/25 20:20
TXN-000005,52,Transfer,,90538.18,CAD,66998.25,Flagged,AML alert,Debit Card,EXT-4E4748EQW66A,135.190.198.126,6/7/24 5:27,6/7/24 10:47
TXN-000006,80,Transfer,FTSE100,747.69,USD,747.69,Completed,,Debit Card,EXT-6PIRD4M57DKG,36.62.236.209,10/20/24 13:17,10/20/24 19:38
TXN-000007,14,Refund,GOOGL,1589.39,CHF,1796.01,Completed,,SEPA,EXT-A3FVTXS5V0G1,210.227.77.106,9/7/24 15:10,9/7/24 11:18
TXN-000008,60,Transfer,AUD/USD,121.81,USD,121.81,Completed,,SEPA,EXT-BGGIPFCS80WD,28.41.179.113,10/16/25 8:30,10/16/25 19:05
TXN-000009,86,Withdrawal,DAX,493.51,USD,493.51,Completed,,E-Wallet,EXT-NSP4FIPGDKC7,214.120.164.85,5/25/24 8:26,5/25/24 19:05
TXN-000010,95,Withdrawal,Natural Gas,28431.87,SGD,21039.58,Flagged,Geo mismatch,E-Wallet,EXT-UC1YZHW0MW03,106.139.243.25,12/12/25 16:51,12/12/25 20:37
TXN-000011,46,Refund,Nikkei,428.75,GBP,544.51,Completed,,ACH,EXT-FTYDQUKNL248,127.190.240.60,2/27/24 21:54,2/28/24 7:40
TXN-000012,73,Deposit,XRP/USD,7999.93,CAD,5919.95,Completed,,Bank Transfer,EXT-IPURBQZN3O3L,89.137.115.163,5/7/24 13:09,5/7/24 15:42
TXN-000013,85,Refund,Oil,1057.59,AED,285.55,Flagged,Unusual pattern,Crypto Wallet,EXT-XM7EHSW8P0IK,189.150.91.198,2/19/25 23:20,2/20/25 14:00
TXN-000014,46,Withdrawal,NVDA,1769.05,EUR,1910.57,Failed,,Debit Card,EXT-ZRXEWGWNR4MA,11.169.141.147,5/11/24 1:49,5/11/24 6:56
TXN-000015,3,Transfer,NVDA,6666.34,CAD,4933.09,Completed,,Credit Card,EXT-928Y5YXPFHRV,12.226.46.65,9/11/24 9:46,9/12/24 2:42
TXN-000016,2,Trade,EUR/USD,285.03,AUD,185.27,Failed,,Credit Card,EXT-8OMXHALIH9YE,194.167.123.8,5/1/25 2:34,5/1/25 3:01
TXN-000017,99,Fee,BTC/USD,95.6,EUR,103.25,Completed,,SEPA,EXT-KYNPEQDU7MK6,134.218.60.184,6/21/24 11:59,6/21/24 13:13
TXN-000018,42,Deposit,,38.25,JPY,0.26,Pending,,Credit Card,EXT-7J6K2XKUC1UX,207.57.39.169,1/25/25 23:47,
TXN-000019,21,Trade,EUR/USD,1900.18,SAR,513.05,Completed,,Debit Card,EXT-TQBJWXEBJE0J,37.247.73.106,11/17/24 7:01,11/17/24 18:53
TXN-000020,98,Deposit,AMZN,364.01,JPY,2.44,Completed,,Debit Card,EXT-F3K6IGVP6Z9M,169.164.254.96,5/21/24 3:19,5/21/24 16:15
TXN-000021,11,Deposit,NVDA,98.19,JPY,0.66,Flagged,AML alert,Crypto Wallet,EXT-TJ5YFSDJ4EJ5,30.245.14.159,6/12/25 5:31,6/12/25 14:08
TXN-000022,31,Deposit,,2900.13,AED,783.04,Pending,,ACH,EXT-5V620T618EU3,141.152.189.68,4/26/25 5:28,
TXN-000023,86,Fee,AMZN,292.98,CAD,216.81,Flagged,Velocity check,SEPA,EXT-OK02VXWOSBJO,185.130.224.240,5/25/25 10:02,5/26/25 2:58
TXN-000024,76,Deposit,AMZN,324.12,AED,87.51,Cancelled,,Wire Transfer,EXT-X9GQ0UVX0ECB,221.168.108.107,3/26/25 16:52,3/27/25 5:47
TXN-000025,66,Deposit,AMZN,4194.88,GBP,5327.5,Completed,,SEPA,EXT-DFCTI4Z95QNS,6.176.32.143,8/19/25 17:44,8/20/25 10:27
TXN-000026,69,Withdrawal,,417.38,USD,417.38,Pending,,Crypto Wallet,EXT-JV7CTWPO7WAW,182.255.158.31,2/29/24 21:11,
TXN-000027,49,Refund,ETH/USD,349.55,CHF,394.99,Cancelled,,Bank Transfer,EXT-G3QBZREX16UZ,222.50.157.213,10/24/24 17:55,10/25/24 5:03
TXN-000028,71,Deposit,Natural Gas,167092.02,SGD,123648.09,Completed,,Wire Transfer,EXT-FTLQRTNGHZYA,132.41.158.141,8/7/25 21:04,8/7/25 16:43
TXN-000029,11,Deposit,NASDAQ,4216.19,JPY,28.25,Completed,,Crypto Wallet,EXT-NEKVZUII66M8,6.207.65.24,6/30/24 11:03,6/30/24 19:09
TXN-000030,70,Withdrawal,GBP/USD,473.75,GBP,601.66,Completed,,E-Wallet,EXT-69GRASGAKCNU,4.218.198.112,11/14/24 23:13,11/15/24 10:25
TXN-000031,72,Transfer,USD/JPY,6482.69,GBP,8233.02,Completed,,Debit Card,EXT-S8QF7A29210E,176.48.113.185,11/12/24 15:53,11/12/24 16:22
TXN-000032,14,Withdrawal,GBP/USD,8067.59,AED,2178.25,Flagged,Velocity check,Wire Transfer,EXT-34CRMCNZAQTV,61.37.208.165,12/5/24 14:40,12/6/24 0:26
TXN-000033,26,Deposit,NVDA,298.09,CAD,220.59,Completed,,Credit Card,EXT-ZB3A8DUSIV8D,115.136.104.7,4/1/25 0:45,4/1/25 13:10
TXN-000034,66,Deposit,Oil,1754.62,USD,1754.62,Flagged,Geo mismatch,ACH,EXT-9NQ0S1IJRJ0Z,91.59.189.176,10/3/25 20:38,10/4/25 1:12
TXN-000035,53,Fee,GOOGL,1454.76,GBP,1847.55,Completed,,Credit Card,EXT-1GRD2XYDFHKO,158.187.176.215,4/17/24 6:49,4/17/24 5:29
TXN-000036,28,Trade,XRP/USD,206.65,AUD,134.32,Completed,,E-Wallet,EXT-38LSD3NK68JR,203.155.137.2,11/14/24 1:56,11/14/24 16:10
TXN-000037,44,Withdrawal,AAPL,1219.29,CHF,1377.8,Completed,,E-Wallet,EXT-463OKE6WMRDI,22.156.71.173,2/8/24 12:50,2/8/24 7:33
TXN-000038,56,Deposit,Oil,431.02,SAR,116.38,Completed,,Debit Card,EXT-F0VE98M3T9IJ,219.227.195.239,7/23/25 10:37,7/23/25 19:23
TXN-000039,62,Fee,AMZN,458.37,EUR,495.04,Failed,,SEPA,EXT-KHMTA3XM8UT1,134.143.164.175,6/13/25 21:05,6/14/25 2:24
TXN-000040,26,Transfer,MSFT,311.92,SGD,230.82,Completed,,Debit Card,EXT-FN35Y6XHPJP9,139.147.143.27,1/26/25 2:12,1/26/25 7:26
TXN-000041,72,Refund,Oil,1026.98,CAD,759.97,Completed,,Crypto Wallet,EXT-I4KVIIZO8INZ,69.136.73.57,1/24/24 4:00,1/24/24 19:58
TXN-000042,29,Transfer,TSLA,318.03,USD,318.03,Flagged,PEP transaction,Wire Transfer,EXT-AAIPOYP7KK23,86.38.56.47,5/9/24 7:22,5/9/24 3:17
TXN-000043,33,Refund,ETH/USD,1717.4,GBP,2181.1,Completed,,Credit Card,EXT-AWJYGU9X2KFR,204.109.210.15,11/26/24 18:54,11/26/24 20:03
TXN-000044,82,Withdrawal,,39048.11,USD,39048.11,Pending,,Crypto Wallet,EXT-V70DOLQF6NT2,114.124.230.208,8/30/25 5:18,
TXN-000045,76,Deposit,GBP/USD,199.81,AED,53.95,Failed,,E-Wallet,EXT-W1SI88M0OB1G,164.227.93.15,12/25/25 22:42,12/26/25 5:22
TXN-000046,66,Transfer,Nikkei,28.83,AUD,18.74,Completed,,Wire Transfer,EXT-2Z0INLRFEWKA,168.211.164.66,8/4/24 1:19,8/4/24 10:31
TXN-000047,14,Transfer,S&P500,1615.07,EUR,1744.28,Completed,,E-Wallet,EXT-F4TOYVW2FCH8,92.212.202.14,12/28/24 15:12,12/29/24 2:37
TXN-000048,31,Fee,Gold,1254.66,JPY,8.41,Completed,,Debit Card,EXT-OFIE4NPM3JX0,185.37.187.72,5/29/24 13:27,5/29/24 9:13
TXN-000049,50,Refund,,136.79,SGD,101.22,Pending,,Debit Card,EXT-A6REF992BEA7,216.206.24.25,4/11/25 7:21,
TXN-000050,18,Trade,,85.43,EUR,92.26,Pending,,Wire Transfer,EXT-5AH47TVAT5LM,84.93.222.244,2/18/24 6:03,
TXN-000051,79,Transfer,,303.9,USD,303.9,Pending,,SEPA,EXT-FH14OFRQCRSP,36.173.188.167,2/15/25 18:24,
TXN-000052,63,Fee,S&P500,40.12,AUD,26.08,Completed,,Wire Transfer,EXT-0HU2X3HEAI0Y,65.51.43.10,7/27/25 21:22,7/28/25 2:59
TXN-000053,90,Withdrawal,EUR/USD,1645.86,JPY,11.03,Flagged,PEP transaction,Debit Card,EXT-F33YNXPD1ZIB,94.227.112.52,5/16/24 1:24,5/16/24 11:47
TXN-000054,27,Withdrawal,Nikkei,1149.45,EUR,1241.41,Cancelled,,E-Wallet,EXT-1AEF0YJ7AAR4,113.209.190.96,2/26/25 6:46,2/26/25 6:48
TXN-000055,36,Refund,EUR/USD,20701.41,EUR,22357.52,Completed,,Wire Transfer,EXT-QMQOMDSP8ZUG,158.73.112.36,8/10/25 8:58,8/10/25 18:46
TXN-000056,35,Trade,FTSE100,319.8,EUR,345.38,Completed,,Debit Card,EXT-NUUOX2QNOJH1,44.10.62.99,10/8/25 12:35,10/9/25 3:06
TXN-000057,31,Withdrawal,Gold,124.53,SAR,33.62,Completed,,Wire Transfer,EXT-4S8EUN7P8101,218.166.24.166,11/25/24 13:49,11/25/24 15:05
TXN-000058,14,Transfer,AUD/USD,314.34,JPY,2.11,Completed,,ACH,EXT-L3O4MRWC4IF5,45.247.210.194,4/20/25 17:59,4/21/25 12:12
TXN-000059,75,Fee,EUR/USD,6395.62,EUR,6907.27,Failed,,ACH,EXT-VKNVQ2MKA1VL,1.14.7.32,7/2/24 2:48,7/2/24 2:50
TXN-000060,43,Fee,,4302.95,CAD,3184.18,Pending,,ACH,EXT-7BNEH0Q0Z0U4,180.107.10.36,10/7/25 7:53,
TXN-000061,98,Trade,EUR/USD,1241.64,SAR,335.24,Completed,,Bank Transfer,EXT-XQB4WB977WCK,84.150.3.197,3/8/25 20:58,3/9/25 10:16
TXN-000062,93,Trade,XRP/USD,6489.65,USD,6489.65,Completed,,Credit Card,EXT-U5DGNQBCRIU5,134.162.218.82,10/16/25 0:25,10/16/25 12:45
TXN-000063,86,Transfer,AMZN,4235.03,EUR,4573.83,Completed,,Crypto Wallet,EXT-LWVDDNO04FUY,21.24.196.103,2/13/25 9:32,2/13/25 17:32
TXN-000064,73,Withdrawal,DAX,1076.22,JPY,7.21,Completed,,E-Wallet,EXT-ICUJNEF6P3GB,85.123.65.231,5/14/24 4:19,5/14/24 19:19
TXN-000065,61,Deposit,FTSE100,122.74,EUR,132.56,Completed,,ACH,EXT-2B0AG3EQRHMN,173.2.101.47,4/21/25 13:24,4/22/25 3:49
TXN-000066,90,Withdrawal,Silver,454.49,SGD,336.32,Completed,,E-Wallet,EXT-393T34ZW7U5E,173.37.112.70,12/28/24 14:07,12/28/24 22:26
TXN-000067,30,Trade,,25297.64,AUD,16443.47,Pending,,Credit Card,EXT-IJB9UWNPSZ1K,172.111.207.182,8/23/24 6:51,
TXN-000068,13,Fee,DAX,125.85,CAD,93.13,Completed,,Credit Card,EXT-NOUSPCGVEBB0,193.221.176.39,11/2/25 4:28,11/2/25 9:15
TXN-000069,80,Fee,META,5683.39,CAD,4205.71,Completed,,Credit Card,EXT-MPGJORCXQ0OZ,219.35.209.161,4/16/24 10:38,4/16/24 8:58
TXN-000070,65,Withdrawal,NVDA,743.16,USD,743.16,Flagged,Sanctions match,ACH,EXT-OI0YFP6LJQEC,112.47.71.242,5/6/24 5:56,5/6/24 0:46
TXN-000071,67,Refund,AUD/USD,1675.1,EUR,1809.11,Failed,,E-Wallet,EXT-W6MUZXCFGO1Y,115.31.95.75,9/24/24 7:03,9/25/24 0:14
TXN-000072,53,Fee,,573.75,SGD,424.57,Pending,,ACH,EXT-JKXUXPXJYPNI,146.240.122.74,6/16/24 11:17,
TXN-000073,33,Fee,FTSE100,587.28,JPY,3.93,Completed,,Bank Transfer,EXT-3LC6VVNXAKJ0,158.219.213.148,12/16/24 7:03,12/16/24 12:51
TXN-000074,36,Refund,META,9378.97,AED,2532.32,Completed,,SEPA,EXT-15TWNVLCOM4D,35.142.231.9,5/16/24 15:49,5/17/24 8:55
TXN-000075,21,Fee,,249.49,USD,249.49,Pending,,SEPA,EXT-DO1AIVE3J3L0,172.178.171.76,12/5/25 17:55,
TXN-000076,15,Transfer,AMZN,2149.91,USD,2149.91,Completed,,ACH,EXT-EGZTK0EKZ8L7,4.243.227.199,6/20/25 3:06,6/20/25 10:43
TXN-000077,54,Transfer,NVDA,335.96,SGD,248.61,Completed,,Crypto Wallet,EXT-00A5E95MIIQF,55.225.202.14,9/1/25 22:35,9/2/25 16:46
TXN-000078,10,Refund,FTSE100,884.18,AED,238.73,Completed,,Debit Card,EXT-SEV5RC0X2EJ7,15.30.54.37,5/25/24 13:29,5/26/24 7:12
TXN-000079,10,Fee,FTSE100,1518.69,EUR,1640.19,Cancelled,,E-Wallet,EXT-6BXD5U86C2LG,20.177.248.190,12/20/25 16:01,12/21/25 0:15
TXN-000080,31,Refund,BTC/USD,56.34,EUR,60.85,Completed,,E-Wallet,EXT-S10YEIQUR8UZ,70.243.166.17,6/12/24 18:46,6/12/24 21:31
TXN-000081,72,Deposit,GBP/USD,1282.59,CHF,1449.33,Completed,,E-Wallet,EXT-U0QF0OVAEO7Y,47.69.254.123,2/22/25 14:41,2/23/25 5:23
TXN-000082,53,Fee,TSLA,1453.55,JPY,9.74,Completed,,ACH,EXT-MRJ030JFAJ8A,80.202.250.121,1/11/24 23:24,1/12/24 15:38
TXN-000083,58,Transfer,DAX,9647.82,AUD,6271.08,Cancelled,,Credit Card,EXT-ZYEJSYD34YGB,157.191.215.30,9/21/25 13:43,9/21/25 16:47
TXN-000084,6,Transfer,,1398.11,EUR,1509.96,Pending,,Debit Card,EXT-XEOE2A7ZYCYW,70.211.7.142,3/15/24 9:08,
TXN-000085,79,Withdrawal,AUD/USD,39488.97,SAR,10662.02,Flagged,Geo mismatch,Bank Transfer,EXT-W1EC2OCEN2K2,174.112.0.111,7/8/25 2:47,7/8/25 15:44
TXN-000086,40,Refund,META,7957.07,GBP,10105.48,Failed,,Debit Card,EXT-FRIKUA7DIP2R,112.41.123.177,7/23/24 7:51,7/23/24 11:42
TXN-000087,28,Refund,EUR/USD,7786.95,SGD,5762.34,Flagged,Velocity check,ACH,EXT-GXB4M77XJ83Q,67.4.200.177,5/10/25 9:54,5/10/25 19:14
TXN-000088,78,Trade,S&P500,370.02,AUD,240.51,Completed,,SEPA,EXT-999O6F53VJTY,45.166.170.145,4/30/25 6:41,4/30/25 14:15
TXN-000089,65,Trade,AUD/USD,6114.6,USD,6114.6,Flagged,AML alert,Debit Card,EXT-Q7862Z7KB5VB,122.85.56.122,9/6/24 16:56,9/7/24 7:34
TXN-000090,50,Deposit,Gold,542.88,SAR,146.58,Completed,,Credit Card,EXT-E88DED3IC31N,185.70.197.3,8/26/24 21:05,8/27/24 12:45
TXN-000091,90,Deposit,NVDA,1321.87,AED,356.9,Flagged,Velocity check,Debit Card,EXT-X2OQIVJ96HX6,82.18.149.143,1/31/24 22:07,2/1/24 16:05
TXN-000092,94,Fee,EUR/USD,485.77,USD,485.77,Completed,,Debit Card,EXT-MJ3NATMCZZ9X,29.56.60.206,8/22/25 17:51,8/23/25 1:42
TXN-000093,68,Transfer,Oil,1659.59,USD,1659.59,Completed,,SEPA,EXT-8KHH9ZWPK7GC,171.154.224.133,1/29/24 4:26,1/29/24 17:38
TXN-000094,67,Refund,BTC/USD,265.96,AUD,172.87,Cancelled,,Crypto Wallet,EXT-BE04RKTOKFTY,142.65.86.107,11/21/25 16:56,11/22/25 1:36
TXN-000095,94,Transfer,,19472.59,AED,5257.6,Pending,,Crypto Wallet,EXT-LP4Y8KSY2N4O,81.99.108.18,7/2/25 18:39,
TXN-000096,30,Deposit,USD/JPY,341.98,USD,341.98,Flagged,Velocity check,E-Wallet,EXT-NEB5ZYRZC5FI,167.56.254.192,12/3/24 14:11,12/4/24 3:50
TXN-000097,48,Fee,Natural Gas,1100.35,AUD,715.23,Cancelled,,Crypto Wallet,EXT-4LTIURTPC06B,78.164.4.13,8/30/25 17:08,8/30/25 20:57
TXN-000098,55,Transfer,NASDAQ,3217.01,SAR,868.59,Flagged,PEP transaction,Wire Transfer,EXT-GTU1HIW7D86G,162.105.58.222,6/3/25 10:14,6/4/25 3:49
TXN-000099,3,Transfer,DAX,81.2,CHF,91.76,Completed,,E-Wallet,EXT-Y3JTH7DSWO8M,41.136.69.152,2/3/24 10:45,2/3/24 18:04
TXN-000100,6,Transfer,,1747.66,SGD,1293.27,Pending,,Crypto Wallet,EXT-R17UA263KBKC,77.20.255.253,2/4/24 6:01,
TXN-000101,59,Refund,S&P500,305.57,EUR,330.02,Cancelled,,Bank Transfer,EXT-YW2Q3Q278BRK,189.60.172.16,11/21/24 8:55,11/21/24 7:47
TXN-000102,76,Deposit,BTC/USD,491.95,EUR,531.31,Completed,,Credit Card,EXT-D5MJXJ2QNSOD,141.8.235.103,10/1/24 5:18,10/1/24 19:20
TXN-000103,90,Transfer,META,1496.21,EUR,1615.91,Completed,,ACH,EXT-IAIETPH8JFYF,207.243.65.90,11/2/24 23:38,11/2/24 18:47
TXN-000104,76,Trade,Natural Gas,1516.93,USD,1516.93,Completed,,Bank Transfer,EXT-EP0HACYPXIFZ,152.164.90.61,2/24/25 20:55,2/24/25 18:08
TXN-000105,37,Transfer,MSFT,17375.73,AED,4691.45,Completed,,Debit Card,EXT-Q5KTIPMAJG0Y,1.75.56.224,1/8/25 20:44,1/8/25 16:50
TXN-000106,3,Refund,XRP/USD,202.99,USD,202.99,Completed,,Debit Card,EXT-WAIV1QN8Q2JZ,104.88.100.46,11/16/24 12:24,11/16/24 20:24
TXN-000107,63,Trade,GBP/USD,477.85,CAD,353.61,Completed,,ACH,EXT-8YNI5FL4WCVS,175.233.168.65,2/8/24 16:07,2/8/24 22:58
TXN-000108,52,Withdrawal,,64.12,AED,17.31,Pending,,Wire Transfer,EXT-TCUVQDVPAJNU,180.202.58.198,12/11/24 5:04,
TXN-000109,92,Refund,,1181.27,EUR,1275.77,Pending,,Bank Transfer,EXT-KXRVRTKI3737,181.111.77.62,3/22/25 10:34,
TXN-000110,58,Transfer,ETH/USD,139.76,GBP,177.5,Completed,,Wire Transfer,EXT-9D8YZW6ISOKN,181.56.49.239,10/28/25 22:28,10/29/25 15:46
TXN-000111,17,Withdrawal,AAPL,97.74,SAR,26.39,Failed,,Debit Card,EXT-KW5K1TWUH1B2,178.168.11.237,6/3/24 11:07,6/3/24 9:08
TXN-000112,65,Transfer,NASDAQ,286.09,GBP,363.33,Completed,,Wire Transfer,EXT-0MKC6755Y5BO,12.74.1.241,3/5/25 14:02,3/5/25 16:13
TXN-000113,51,Trade,S&P500,1827.51,SGD,1352.36,Flagged,Geo mismatch,Bank Transfer,EXT-37ZND5ZLPIMK,45.22.128.204,1/16/25 2:42,1/15/25 21:55
TXN-000114,69,Withdrawal,META,452.03,CAD,334.5,Failed,,Crypto Wallet,EXT-ZEZV5UDA7DZ3,80.7.51.95,12/18/25 23:37,12/19/25 15:46
TXN-000115,79,Withdrawal,DAX,150485.98,USD,150485.98,Flagged,AML alert,Credit Card,EXT-ESYJYOOO7JZK,88.216.237.224,1/5/24 9:02,1/5/24 12:41
TXN-000116,16,Withdrawal,,352.77,SAR,95.25,Pending,,Credit Card,EXT-YUT8Y41H4CJ3,202.173.240.59,4/11/24 5:16,
TXN-000117,4,Refund,Natural Gas,44728.72,AED,12076.75,Completed,,Credit Card,EXT-Z5E7SIANU24O,8.59.180.153,5/11/25 2:36,5/10/25 22:13
TXN-000118,8,Transfer,AAPL,25.69,AED,6.94,Completed,,Credit Card,EXT-X9HMIIGRJ2IZ,83.168.233.211,9/22/25 9:25,9/22/25 18:28
TXN-000119,47,Trade,FTSE100,1616.37,EUR,1745.68,Flagged,PEP transaction,Credit Card,EXT-9P801YO07QAF,30.83.170.166,5/4/25 10:57,5/4/25 19:56
TXN-000120,49,Deposit,EUR/USD,565.27,CAD,418.3,Cancelled,,Bank Transfer,EXT-WE4MQRMF4USR,133.176.47.31,1/31/24 9:34,1/31/24 13:07
TXN-000121,34,Transfer,GBP/USD,998.04,AUD,648.73,Completed,,SEPA,EXT-YQDLF0PTS8KO,8.14.139.212,12/27/25 14:08,12/27/25 18:36
TXN-000122,93,Trade,GOOGL,94.75,USD,94.75,Completed,,SEPA,EXT-5NXN7B8ZLO2J,148.105.26.123,11/8/24 10:48,11/8/24 15:26
TXN-000123,8,Deposit,Natural Gas,232.37,JPY,1.56,Completed,,E-Wallet,EXT-BCY90MNWEKI6,154.157.157.211,11/3/24 7:45,11/3/24 17:29
TXN-000124,35,Trade,S&P500,1533.34,SAR,414,Cancelled,,SEPA,EXT-6DMB97AUFTTR,85.174.161.196,9/20/25 10:24,9/20/25 14:17
TXN-000125,14,Refund,USD/JPY,4686.14,AUD,3045.99,Failed,,E-Wallet,EXT-G7BIRHCVECW7,96.191.135.190,6/15/24 7:00,6/15/24 22:36
TXN-000126,25,Transfer,BTC/USD,3313.58,JPY,22.2,Cancelled,,Debit Card,EXT-S0F6XFLOZS47,75.103.240.127,1/4/24 3:38,1/4/24 16:15
TXN-000127,48,Transfer,USD/JPY,1945.46,EUR,2101.1,Completed,,Bank Transfer,EXT-J41ZG0M9BN36,141.70.70.46,1/5/25 5:24,1/5/25 19:57
TXN-000128,91,Withdrawal,BTC/USD,10652.65,EUR,11504.86,Cancelled,,Bank Transfer,EXT-R06SF2N3O9W8,31.59.18.6,6/2/24 14:26,6/2/24 18:25
TXN-000129,10,Deposit,EUR/USD,1260.81,GBP,1601.23,Completed,,Credit Card,EXT-82WDGZ6PVR63,5.67.47.118,6/6/24 0:37,6/5/24 22:46
TXN-000130,16,Refund,AMZN,3144.5,AED,849.02,Completed,,Debit Card,EXT-3SKKDC00IMED,77.214.249.166,4/5/24 11:13,4/5/24 23:18
TXN-000131,51,Refund,ETH/USD,62034.61,SGD,45905.61,Completed,,Wire Transfer,EXT-BXI55DUAD23J,57.245.123.147,2/27/25 10:32,2/27/25 15:43
TXN-000132,80,Transfer,META,21045.81,CAD,15573.9,Completed,,SEPA,EXT-QPKFRPEXYT8K,213.248.120.252,8/1/25 8:10,8/1/25 23:36
TXN-000133,2,Deposit,S&P500,36.63,EUR,39.56,Completed,,Credit Card,EXT-WRWEZMNQU9NJ,63.118.42.144,10/5/24 1:31,10/5/24 2:43
TXN-000134,72,Transfer,DAX,274.32,JPY,1.84,Failed,,Crypto Wallet,EXT-0ACLI7ULQKXV,52.96.30.142,8/28/24 10:21,8/29/24 1:04
TXN-000135,99,Withdrawal,GBP/USD,246.55,USD,246.55,Flagged,Sanctions match,Wire Transfer,EXT-VC4IPIYQBNF7,87.213.38.137,1/17/25 11:53,1/18/25 5:46
TXN-000136,66,Trade,DAX,324.75,USD,324.75,Completed,,Crypto Wallet,EXT-P2PGMGMX6LK2,76.48.250.68,10/2/24 8:47,10/2/24 19:16
TXN-000137,52,Withdrawal,NASDAQ,1325.95,SAR,358.01,Completed,,ACH,EXT-1YVDM6FRT366,68.127.50.53,6/4/25 4:14,6/4/25 17:01
TXN-000138,48,Refund,Gold,4601.41,AUD,2990.92,Completed,,ACH,EXT-KJLULILWOVJR,208.51.88.103,5/17/25 19:20,5/18/25 13:31
TXN-000139,57,Deposit,Gold,250.18,CAD,185.13,Completed,,ACH,EXT-0SUCKL6KUEWV,214.38.97.173,1/26/25 18:48,1/26/25 15:12
TXN-000140,28,Transfer,Silver,11967.56,AED,3231.24,Completed,,SEPA,EXT-R6MU81YL2UTD,86.110.97.17,9/23/24 6:04,9/23/24 16:01
TXN-000141,40,Refund,NASDAQ,18739.52,SGD,13867.24,Completed,,Crypto Wallet,EXT-6TLI00B1O55O,22.92.188.204,7/7/25 6:20,7/8/25 0:12
TXN-000142,90,Deposit,ETH/USD,88972.8,AUD,57832.32,Cancelled,,Wire Transfer,EXT-PYKR6KZ3SU1F,156.156.81.214,3/9/24 2:16,3/9/24 1:31
TXN-000143,48,Refund,AAPL,24777.21,AED,6689.85,Flagged,Geo mismatch,ACH,EXT-H1RW1V0LMV91,165.94.229.192,7/11/24 17:37,7/11/24 22:05
TXN-000144,74,Deposit,GOOGL,576.24,AED,155.58,Completed,,Crypto Wallet,EXT-CIKNXS116HCN,122.19.165.99,7/14/24 6:03,7/14/24 9:33
TXN-000145,80,Refund,S&P500,12.51,CHF,14.14,Completed,,Credit Card,EXT-DMGXQT8G9HNO,109.216.45.94,3/1/24 17:47,3/1/24 21:59
TXN-000146,46,Withdrawal,GOOGL,240.71,JPY,1.61,Failed,,E-Wallet,EXT-RC4T4JA5J8YR,93.183.135.54,10/9/24 14:43,10/9/24 10:45
TXN-000147,79,Refund,TSLA,6421.61,SAR,1733.83,Completed,,Bank Transfer,EXT-PMQ6MJ258XP2,59.57.48.186,12/29/24 17:13,12/29/24 17:01
TXN-000148,29,Transfer,AAPL,4272.97,GBP,5426.67,Flagged,Geo mismatch,ACH,EXT-6KHD1PX4Q4YU,200.242.46.223,10/12/24 12:33,10/12/24 11:28
TXN-000149,81,Deposit,ETH/USD,61.83,JPY,0.41,Cancelled,,Wire Transfer,EXT-EEDSPGW4BKM8,116.78.193.39,7/5/24 22:28,7/6/24 12:59
TXN-000150,24,Deposit,AAPL,1727.11,AED,466.32,Completed,,Debit Card,EXT-Z6FSHCC17A3B,164.125.72.246,8/7/24 22:25,8/8/24 10:06
TXN-000151,28,Withdrawal,XRP/USD,126.32,SGD,93.48,Completed,,E-Wallet,EXT-J97SEUJ1947H,66.60.163.6,1/12/25 6:27,1/12/25 9:40
TXN-000152,3,Deposit,META,1230.36,CHF,1390.31,Flagged,Geo mismatch,Bank Transfer,EXT-YC866J9IDKUR,215.36.238.26,3/3/25 0:58,3/3/25 6:14
TXN-000153,39,Fee,,2361.84,CAD,1747.76,Pending,,ACH,EXT-GE8915KRYC00,61.217.97.58,10/26/25 10:35,
TXN-000154,91,Deposit,GOOGL,37118.59,SAR,10022.02,Cancelled,,ACH,EXT-PKJ4ORKHAQUM,145.168.144.175,10/11/24 19:33,10/11/24 20:15
TXN-000155,31,Trade,FTSE100,82.75,SAR,22.34,Flagged,AML alert,ACH,EXT-PNJ29EX3G08I,18.143.99.142,10/18/24 4:47,10/18/24 3:32
TXN-000156,90,Deposit,,122.53,AED,33.08,Pending,,Debit Card,EXT-CWXUJRHJIKGQ,31.32.221.162,12/7/25 5:07,
TXN-000157,72,Deposit,BTC/USD,2819.45,SAR,761.25,Completed,,Credit Card,EXT-I2USL4DBT6IR,74.25.24.114,4/1/25 4:51,4/1/25 0:46
TXN-000158,93,Trade,AUD/USD,9712,GBP,12334.24,Completed,,SEPA,EXT-PKID8ZR6KSDB,32.73.17.102,1/28/24 11:43,1/28/24 23:41
TXN-000159,54,Transfer,Natural Gas,817.49,AED,220.72,Failed,,ACH,EXT-FW9V5OMSIK5B,171.136.52.62,10/3/25 16:11,10/3/25 12:17
TXN-000160,81,Withdrawal,Natural Gas,1028.67,EUR,1110.96,Flagged,Velocity check,Debit Card,EXT-7ZJNNCTDDV9Y,38.65.40.114,4/11/24 13:29,4/12/24 3:43
TXN-000161,27,Withdrawal,GOOGL,1787.6,GBP,2270.25,Completed,,Bank Transfer,EXT-NO2AP3O1HYXI,51.38.181.181,6/9/25 13:42,6/10/25 1:25
TXN-000162,23,Trade,Gold,3746.46,SGD,2772.38,Completed,,Bank Transfer,EXT-MHSB8LAJQGUF,116.85.226.89,12/4/25 9:59,12/4/25 8:28
TXN-000163,41,Trade,NVDA,4911.26,JPY,32.91,Flagged,PEP transaction,Debit Card,EXT-4ATCYTUFKUIY,29.233.58.109,1/6/25 10:16,1/6/25 23:24
TXN-000164,81,Withdrawal,Oil,6718.94,CHF,7592.4,Flagged,High amount,ACH,EXT-P79KNLPA1ZIP,141.144.232.73,7/4/25 19:03,7/4/25 20:56
TXN-000165,92,Withdrawal,AAPL,6217.27,JPY,41.66,Completed,,SEPA,EXT-N9W6S7XA9N8K,31.4.71.160,7/30/25 5:34,7/30/25 23:51
TXN-000166,35,Fee,Natural Gas,8841.84,JPY,59.24,Completed,,ACH,EXT-SEM69G9VPV90,66.101.45.191,1/16/25 11:19,1/16/25 14:19
TXN-000167,100,Trade,EUR/USD,1466.03,CAD,1084.86,Completed,,SEPA,EXT-83RNVSW62011,76.55.119.41,8/12/25 0:26,8/12/25 17:24
TXN-000168,26,Withdrawal,ETH/USD,47.09,AED,12.71,Flagged,AML alert,ACH,EXT-64Z8377B5UDU,208.129.57.90,3/13/25 0:48,3/13/25 8:36
TXN-000169,45,Transfer,Oil,79758.8,EUR,86139.5,Flagged,Velocity check,ACH,EXT-B6U7L2W7I4Q6,187.61.188.75,12/4/25 21:22,12/4/25 23:24
TXN-000170,28,Withdrawal,DAX,1688.38,AUD,1097.45,Failed,,Bank Transfer,EXT-RQHGZ0ENS3IT,106.41.138.96,3/12/25 20:52,3/13/25 12:59
TXN-000171,12,Withdrawal,Gold,87062.9,SAR,23506.98,Flagged,AML alert,Credit Card,EXT-NMRQDPNLVGE0,51.5.20.109,1/18/25 22:33,1/19/25 10:21
TXN-000172,9,Refund,GOOGL,1932.23,SAR,521.7,Completed,,E-Wallet,EXT-L46LPOV7PL23,140.152.178.121,4/20/24 7:16,4/20/24 3:15
TXN-000173,35,Refund,TSLA,1736,CAD,1284.64,Completed,,Wire Transfer,EXT-WFBTBW5O92YQ,173.14.18.5,9/8/24 21:41,9/8/24 23:04
TXN-000174,46,Refund,,495,AED,133.65,Pending,,Bank Transfer,EXT-844QCPZLOJMB,77.46.63.190,8/31/24 6:50,
TXN-000175,9,Withdrawal,FTSE100,983.63,AUD,639.36,Flagged,High amount,Bank Transfer,EXT-OYI3I4S290UY,73.180.195.124,11/22/24 11:51,11/22/24 7:16
TXN-000176,85,Deposit,NASDAQ,228.05,CAD,168.76,Flagged,Geo mismatch,Wire Transfer,EXT-ZAFOLQ06479G,201.54.52.92,12/30/24 21:23,12/30/24 21:24
TXN-000177,49,Deposit,ETH/USD,1567.09,SGD,1159.65,Completed,,Bank Transfer,EXT-LRN3QSFJGPK0,113.192.67.225,1/5/25 1:47,1/5/25 3:45
TXN-000178,63,Transfer,BTC/USD,1369.84,AUD,890.4,Completed,,SEPA,EXT-AABBBEOZ6P4C,136.73.166.99,9/21/25 7:33,9/21/25 17:27
TXN-000179,74,Refund,FTSE100,9067,JPY,60.75,Completed,,E-Wallet,EXT-1M29XEFEYA15,115.2.2.166,1/27/25 5:17,1/27/25 12:35
TXN-000180,90,Fee,NVDA,9944.75,USD,9944.75,Failed,,Debit Card,EXT-0Z5LPYXRJ840,56.125.132.53,8/23/25 0:35,8/23/25 6:08
TXN-000181,58,Transfer,FTSE100,38216.58,AUD,24840.78,Cancelled,,E-Wallet,EXT-6V0YJRBNMSYD,200.106.79.68,3/11/24 4:23,3/11/24 1:46
TXN-000182,32,Transfer,,1307.07,CAD,967.23,Pending,,ACH,EXT-KCMX0Z99APU0,176.187.128.165,6/3/24 0:35,
TXN-000183,29,Trade,FTSE100,121.99,EUR,131.75,Completed,,Crypto Wallet,EXT-V0TEXP5EWTDT,35.132.221.250,9/30/25 3:41,9/30/25 5:28
TXN-000184,12,Fee,Oil,1833.86,CHF,2072.26,Completed,,Bank Transfer,EXT-GP6PPMEOK980,182.90.169.174,12/14/24 4:02,12/14/24 5:47
TXN-000185,73,Refund,FTSE100,174.53,SAR,47.12,Completed,,Crypto Wallet,EXT-S82GY1ZBUC1P,77.52.227.151,10/26/24 6:59,10/26/24 9:47
TXN-000186,62,Fee,TSLA,491.34,CHF,555.21,Cancelled,,Debit Card,EXT-789INL9MOI2O,11.61.5.73,5/16/25 20:22,5/16/25 17:01
TXN-000187,16,Withdrawal,EUR/USD,443.91,EUR,479.42,Cancelled,,SEPA,EXT-XJBPH2SP4JPX,41.30.5.238,4/13/25 4:04,4/13/25 21:50
TXN-000188,32,Deposit,ETH/USD,920.37,EUR,994,Flagged,Sanctions match,Bank Transfer,EXT-A59H17L9UXWL,2.147.119.95,3/14/25 11:32,3/14/25 16:58
TXN-000189,13,Fee,Oil,11371.79,SAR,3070.38,Completed,,SEPA,EXT-PDYWKFGQC6UL,217.194.125.33,9/24/25 2:56,9/24/25 5:49
TXN-000190,48,Withdrawal,AUD/USD,422.41,JPY,2.83,Failed,,Bank Transfer,EXT-FBCBROIKR06G,24.41.98.244,7/23/25 17:50,7/23/25 22:38
TXN-000191,56,Trade,BTC/USD,29.26,CHF,33.06,Failed,,Bank Transfer,EXT-9F6AFJJOCPK1,121.180.29.12,3/16/25 0:36,3/15/25 20:32
TXN-000192,77,Trade,Natural Gas,338.97,CAD,250.84,Cancelled,,E-Wallet,EXT-I748OPNJIDCV,49.236.206.251,12/20/25 7:42,12/20/25 9:56
TXN-000193,28,Fee,Gold,1677.08,CAD,1241.04,Failed,,Credit Card,EXT-U6CY2N31BOB7,209.12.232.127,1/9/25 13:12,1/9/25 14:54
TXN-000194,47,Trade,ETH/USD,936.57,CAD,693.06,Cancelled,,Crypto Wallet,EXT-Z5JDI1OK97UL,182.250.186.132,7/26/25 13:02,7/26/25 13:48
TXN-000195,64,Refund,ETH/USD,74958.15,USD,74958.15,Completed,,Wire Transfer,EXT-VI7DOYXNZ21J,202.172.45.217,5/6/25 2:35,5/6/25 3:43
TXN-000196,80,Fee,MSFT,519.06,AED,140.15,Cancelled,,Debit Card,EXT-VFW78F98GPB6,215.189.62.230,5/15/25 10:20,5/15/25 9:04
TXN-000197,16,Deposit,ETH/USD,98832.76,SAR,26684.85,Flagged,Sanctions match,Crypto Wallet,EXT-03LAX90R04G0,75.92.114.99,6/19/24 10:32,6/19/24 6:34
TXN-000198,34,Fee,BTC/USD,510.5,SAR,137.84,Failed,,E-Wallet,EXT-S1IJN8S9PMO4,223.54.235.232,4/11/25 8:39,4/11/25 13:02
TXN-000199,35,Transfer,Oil,38715.84,JPY,259.4,Cancelled,,Bank Transfer,EXT-Z9KHPGQAH8W4,105.101.46.104,6/27/24 22:20,6/28/24 12:24
TXN-000200,97,Trade,XRP/USD,45381.88,JPY,304.06,Completed,,Wire Transfer,EXT-K8F5UG3Q04BW,17.171.118.239,4/10/24 11:19,4/10/24 9:12
TXN-000201,29,Withdrawal,USD/JPY,1831.41,JPY,12.27,Completed,,Credit Card,EXT-7O27XAO7FU8L,168.191.85.180,5/20/24 6:49,5/20/24 18:39
TXN-000202,71,Trade,ETH/USD,235.82,AED,63.67,Failed,,Wire Transfer,EXT-CCCH2O0H30R2,45.113.27.63,5/17/24 20:14,5/18/24 12:37
TXN-000203,34,Refund,AUD/USD,41.01,USD,41.01,Completed,,Crypto Wallet,EXT-ANR0CT7GEIEJ,131.159.207.124,4/30/24 21:21,5/1/24 2:19
TXN-000204,66,Refund,ETH/USD,460.35,AUD,299.23,Completed,,Crypto Wallet,EXT-XKOBYCA36721,153.220.47.181,6/26/25 16:20,6/27/25 3:04
TXN-000205,12,Deposit,BTC/USD,13170.11,AED,3555.93,Completed,,Debit Card,EXT-TXYG62NTV931,100.60.85.138,3/30/25 19:33,3/31/25 13:38
TXN-000206,62,Deposit,NVDA,34255.18,AED,9248.9,Completed,,ACH,EXT-1XOXGJ7VQ9Y1,213.206.105.237,10/27/25 14:20,10/27/25 16:16
TXN-000207,65,Fee,USD/JPY,2024.76,JPY,13.57,Completed,,Crypto Wallet,EXT-RJB2BY6HK7Q7,188.108.101.96,2/24/24 12:40,2/24/24 8:54
TXN-000208,40,Fee,Nikkei,7489.93,AED,2022.28,Flagged,Velocity check,SEPA,EXT-E4EGG4ZOC3IJ,20.108.175.144,3/23/24 3:23,3/23/24 12:30
TXN-000209,19,Transfer,Natural Gas,45892.72,EUR,49564.14,Failed,,Debit Card,EXT-N16A5LLFRWNV,48.15.17.170,11/11/24 9:17,11/11/24 20:39
TXN-000210,62,Transfer,TSLA,421.34,SGD,311.79,Cancelled,,Crypto Wallet,EXT-TG1MT2WG7SC6,199.187.87.106,8/24/25 7:32,8/24/25 19:57
TXN-000211,3,Deposit,GOOGL,1820.44,EUR,1966.08,Completed,,Debit Card,EXT-ESEJUVXFFZSM,15.199.34.113,2/6/24 18:35,2/6/24 22:20
TXN-000212,17,Fee,AMZN,192116.43,SGD,142166.16,Cancelled,,Bank Transfer,EXT-AEP04W029501,141.35.196.124,5/26/25 21:30,5/26/25 16:18
TXN-000213,70,Deposit,,45016.87,CHF,50869.06,Pending,,Wire Transfer,EXT-VUPZJY5O1VKX,146.251.243.117,8/5/24 23:36,
TXN-000214,100,Trade,MSFT,99389.41,CHF,112310.03,Cancelled,,SEPA,EXT-M9HHBQ96WE8I,168.46.96.251,4/26/24 16:34,4/27/24 1:26
TXN-000215,39,Fee,Nikkei,132021.33,SAR,35645.76,Flagged,AML alert,ACH,EXT-ROJ94DEG27UT,211.55.211.166,11/9/24 9:22,11/10/24 1:44
TXN-000216,20,Fee,META,1346.04,GBP,1709.47,Flagged,Unusual pattern,E-Wallet,EXT-GQXUUICF82W1,1.59.180.24,8/8/25 14:41,8/8/25 22:25
TXN-000217,25,Deposit,TSLA,1941.2,CAD,1436.49,Completed,,Bank Transfer,EXT-VA15ZTKNTAGU,183.41.235.115,10/6/25 21:00,10/6/25 18:47
TXN-000218,40,Withdrawal,NVDA,7605.82,CAD,5628.31,Completed,,Debit Card,EXT-9YO0FNKVL24L,188.72.104.208,8/17/25 21:24,8/18/25 5:54
TXN-000219,25,Trade,MSFT,294.02,AUD,191.11,Completed,,Wire Transfer,EXT-M7YDJC6ZAU7C,100.195.218.112,8/26/24 14:17,8/26/24 22:21
TXN-000220,63,Withdrawal,Silver,39603.44,GBP,50296.37,Cancelled,,Crypto Wallet,EXT-SJU135RLMF7E,33.158.192.104,8/5/25 21:57,8/5/25 20:04
TXN-000221,72,Fee,NVDA,133.36,GBP,169.37,Cancelled,,Bank Transfer,EXT-VR91T6DR3V47,48.25.84.18,3/4/24 17:07,3/5/24 3:24
TXN-000222,53,Trade,S&P500,1634.59,EUR,1765.36,Failed,,E-Wallet,EXT-MAPVEKHK8JDT,43.148.248.186,5/5/25 21:34,5/5/25 16:57
TXN-000223,17,Transfer,ETH/USD,164734.48,CAD,121903.52,Flagged,Unusual pattern,Credit Card,EXT-5M2EXC89CLAV,106.8.196.66,4/13/24 15:45,4/13/24 16:12
TXN-000224,90,Refund,ETH/USD,518.58,USD,518.58,Flagged,Velocity check,Crypto Wallet,EXT-MVWDBCART2FF,219.237.224.54,8/31/25 22:06,8/31/25 21:55
TXN-000225,19,Trade,GOOGL,2859.66,EUR,3088.43,Cancelled,,Crypto Wallet,EXT-7WPDT7PP8RIB,126.200.71.84,11/12/24 3:20,11/12/24 17:01
TXN-000226,21,Trade,Oil,455.74,JPY,3.05,Completed,,Bank Transfer,EXT-ZQJTTXAETXIT,5.215.46.55,8/29/24 7:53,8/30/24 0:08
TXN-000227,42,Transfer,,5573.06,JPY,37.34,Pending,,ACH,EXT-NTHFCMGSRV9G,90.19.42.150,3/13/25 6:45,
TXN-000228,83,Trade,Natural Gas,325.49,AUD,211.57,Completed,,Bank Transfer,EXT-GCZEYELS2IBZ,158.159.15.57,2/3/24 1:17,2/2/24 22:21
TXN-000229,69,Deposit,MSFT,492.61,JPY,3.3,Failed,,Bank Transfer,EXT-GZDO7B87W3EH,180.158.246.139,12/3/25 15:09,12/4/25 2:30
TXN-000230,81,Trade,AUD/USD,27998.12,CAD,20718.61,Completed,,Crypto Wallet,EXT-2MELMDD3GMAS,211.131.114.53,2/25/24 23:02,2/25/24 17:56
TXN-000231,61,Trade,AAPL,8812.47,SAR,2379.37,Completed,,Wire Transfer,EXT-EU3UVL5RXUOL,70.86.203.52,5/17/24 3:06,5/17/24 14:40
TXN-000232,82,Fee,META,9753.5,CAD,7217.59,Flagged,Sanctions match,Debit Card,EXT-LG77IZYNDCJ9,22.115.243.218,10/8/24 9:23,10/8/24 23:02
TXN-000233,6,Deposit,Natural Gas,437.43,AUD,284.33,Cancelled,,Debit Card,EXT-JO5SPTKYV0RF,110.177.187.166,10/28/25 8:41,10/28/25 19:38
TXN-000234,35,Withdrawal,Nikkei,9196.2,CAD,6805.19,Flagged,Velocity check,Bank Transfer,EXT-FUCZZIVLOV5I,154.70.87.88,10/29/24 5:38,10/29/24 7:14
TXN-000235,32,Withdrawal,Natural Gas,714.47,AED,192.91,Completed,,Bank Transfer,EXT-BGA1O14QW6Z8,217.207.184.83,10/10/25 12:43,10/10/25 14:27
TXN-000236,4,Fee,Silver,742.59,CAD,549.52,Flagged,PEP transaction,E-Wallet,EXT-D0QV71T2GL2P,209.62.102.115,8/13/25 4:01,8/13/25 13:10
TXN-000237,41,Refund,FTSE100,4756.94,SGD,3520.14,Completed,,Crypto Wallet,EXT-A9CL1VTVI7FV,215.102.152.123,9/11/25 22:55,9/11/25 18:05
TXN-000238,6,Withdrawal,ETH/USD,93.69,JPY,0.63,Cancelled,,Credit Card,EXT-FLV78WB4DBI8,155.28.88.227,6/12/24 17:06,6/13/24 2:13
TXN-000239,48,Deposit,DAX,3076.5,SAR,830.66,Flagged,PEP transaction,Credit Card,EXT-A5WVV9UXM45F,90.142.17.226,3/8/24 13:30,3/8/24 18:04
TXN-000240,57,Transfer,AAPL,174190.69,SGD,128901.11,Flagged,High amount,Bank Transfer,EXT-3CQROZKVPMRA,90.238.27.133,1/4/24 7:22,1/4/24 15:26
TXN-000241,20,Trade,AUD/USD,244.36,USD,244.36,Completed,,Wire Transfer,EXT-KJ2PF69385LU,50.253.91.169,7/1/25 7:42,7/1/25 12:53
TXN-000242,11,Trade,NVDA,1612.84,JPY,10.81,Completed,,Debit Card,EXT-A9NN33OO7W5H,115.3.133.74,4/20/25 3:47,4/20/25 12:02
TXN-000243,26,Withdrawal,Natural Gas,525.38,USD,525.38,Cancelled,,Wire Transfer,EXT-B64O798ZM3YU,203.22.12.168,5/26/24 20:18,5/26/24 19:55
TXN-000244,72,Transfer,EUR/USD,1803.42,GBP,2290.34,Failed,,E-Wallet,EXT-N93Y6BNQB9FJ,77.78.97.63,1/19/24 10:11,1/20/24 1:59
TXN-000245,59,Transfer,NVDA,6181.69,AUD,4018.1,Completed,,Credit Card,EXT-NXL7E3GUDXST,176.14.228.227,8/2/25 23:53,8/3/25 4:36
TXN-000246,22,Fee,DAX,718.64,EUR,776.13,Completed,,Crypto Wallet,EXT-RGVZLZ8KRHZY,195.120.223.141,3/13/24 22:21,3/14/24 7:04
TXN-000247,20,Transfer,AMZN,42581.05,SGD,31509.98,Failed,,E-Wallet,EXT-CUJ2WPWXBXQU,93.25.168.251,9/13/25 3:04,9/13/25 5:14
TXN-000248,4,Trade,Natural Gas,17014.91,CAD,12591.03,Completed,,SEPA,EXT-VLY78AYG4JEP,109.35.10.42,9/3/25 17:08,9/4/25 9:45
TXN-000249,9,Deposit,DAX,351.22,AED,94.83,Failed,,Credit Card,EXT-83317ATAQW6R,14.108.41.54,3/9/25 21:50,3/9/25 19:55
TXN-000250,96,Fee,ETH/USD,1090.35,GBP,1384.74,Completed,,Wire Transfer,EXT-YV8C9WOBCZ69,210.133.118.204,5/31/25 3:36,5/31/25 1:07
TXN-000251,91,Withdrawal,Natural Gas,408.15,SAR,110.2,Flagged,Sanctions match,ACH,EXT-QWC94O9GPT62,195.228.17.16,9/30/24 2:08,9/30/24 10:39
TXN-000252,81,Refund,MSFT,2271,AED,613.17,Failed,,Bank Transfer,EXT-F70K5NNZ2TS9,194.23.21.177,6/10/24 15:23,6/11/24 2:26
TXN-000253,11,Withdrawal,Oil,2174.69,CAD,1609.27,Failed,,E-Wallet,EXT-EQGCSFNGGD0I,30.150.6.118,2/22/24 21:26,2/22/24 19:22
TXN-000254,27,Transfer,Natural Gas,450.7,JPY,3.02,Completed,,Bank Transfer,EXT-Q5GRBBPARZFA,61.217.177.240,4/9/25 13:47,4/9/25 11:00
TXN-000255,82,Transfer,,119.96,GBP,152.35,Pending,,Bank Transfer,EXT-I35A8OT0I57R,139.143.248.46,4/18/25 12:09,
TXN-000256,50,Withdrawal,EUR/USD,179.38,CAD,132.74,Completed,,ACH,EXT-6DF543NV8B4V,82.47.78.3,7/6/25 22:13,7/6/25 21:44
TXN-000257,42,Trade,AAPL,471.51,EUR,509.23,Completed,,Bank Transfer,EXT-EETVHZSR83J2,150.65.52.115,4/2/24 21:15,4/2/24 16:35
TXN-000258,74,Deposit,AMZN,510.01,EUR,550.81,Flagged,Velocity check,Wire Transfer,EXT-8AH7TDSAOD4E,58.23.215.103,11/8/25 13:44,11/8/25 16:46
TXN-000259,56,Refund,,2909.96,CAD,2153.37,Pending,,SEPA,EXT-4ECH65JW3XSK,74.255.6.125,5/30/24 15:28,
TXN-000260,69,Withdrawal,XRP/USD,145286.07,EUR,156908.96,Flagged,Sanctions match,ACH,EXT-YVS8LJ2NWFSV,183.125.82.189,8/12/25 13:28,8/12/25 19:38
TXN-000261,7,Fee,EUR/USD,4439.48,SAR,1198.66,Cancelled,,Debit Card,EXT-HH4E374KGTTV,9.227.68.252,8/20/24 11:26,8/20/24 6:09
TXN-000262,71,Fee,Nikkei,1855.82,EUR,2004.29,Completed,,ACH,EXT-IOIUQNXSD07Q,13.53.142.130,7/22/24 9:29,7/23/24 1:34
TXN-000263,37,Refund,AAPL,367.35,SAR,99.18,Failed,,ACH,EXT-XME2B2J3VSBG,93.71.108.94,10/6/25 20:05,10/7/25 3:24
TXN-000264,65,Withdrawal,MSFT,313.07,EUR,338.12,Completed,,Crypto Wallet,EXT-BZEEONE86CSY,186.241.169.199,11/11/24 1:31,11/11/24 0:14
TXN-000265,43,Withdrawal,S&P500,41226.94,USD,41226.94,Completed,,Debit Card,EXT-V4SIAPQXXMGT,193.79.134.45,4/25/24 11:37,4/25/24 20:38
TXN-000266,71,Trade,GBP/USD,5955.26,SAR,1607.92,Failed,,ACH,EXT-RPO46UHR3G5I,184.44.17.45,4/9/25 19:01,4/10/25 9:42
TXN-000267,2,Trade,,8363.27,CAD,6188.82,Pending,,E-Wallet,EXT-ZAXXD0Y051SZ,24.14.132.84,10/28/25 13:54,
TXN-000268,42,Trade,MSFT,668.21,AUD,434.34,Cancelled,,E-Wallet,EXT-XE1UU23LI7KW,195.105.27.43,12/27/25 6:13,12/27/25 15:13
TXN-000269,9,Trade,GOOGL,36984.11,SAR,9985.71,Completed,,Crypto Wallet,EXT-0GNOIVVFWAT9,39.8.50.144,4/3/25 3:00,4/3/25 15:51
TXN-000270,95,Refund,AUD/USD,33952.18,GBP,43119.27,Failed,,Crypto Wallet,EXT-MKZYMK33PP70,42.226.136.38,2/11/24 15:07,2/11/24 21:37
TXN-000271,49,Refund,,314.12,SGD,232.45,Pending,,E-Wallet,EXT-881HM13WZY0Z,49.243.24.249,12/29/25 7:40,
TXN-000272,96,Deposit,NASDAQ,475.62,JPY,3.19,Flagged,AML alert,SEPA,EXT-OF0V2JE0ENEY,15.141.135.202,12/3/25 0:57,12/3/25 11:15
TXN-000273,45,Trade,GOOGL,40182.66,CHF,45406.41,Completed,,E-Wallet,EXT-93BOL7NYQM8P,188.53.227.136,7/2/25 18:14,7/3/25 8:13
TXN-000274,43,Withdrawal,DAX,1092.11,EUR,1179.48,Completed,,Crypto Wallet,EXT-CGPPLM4DL07V,201.233.84.131,7/13/24 0:38,7/13/24 4:48
TXN-000275,18,Transfer,ETH/USD,1880.52,EUR,2030.96,Completed,,Debit Card,EXT-AQJE8GOBRWET,70.253.161.170,6/7/24 9:51,6/7/24 14:10
TXN-000276,95,Trade,BTC/USD,10819.63,AUD,7032.76,Completed,,E-Wallet,EXT-J6VSC0347GL4,66.101.118.109,9/30/24 2:19,9/30/24 10:27
TXN-000277,30,Deposit,FTSE100,1260.31,GBP,1600.59,Completed,,ACH,EXT-W7HMYS8LPLO3,82.65.83.40,11/27/24 7:59,11/27/24 22:45
TXN-000278,59,Withdrawal,AAPL,1863.11,JPY,12.48,Failed,,Wire Transfer,EXT-97OT8P304G4G,154.175.220.102,1/11/24 2:27,1/11/24 1:49
TXN-000279,86,Refund,DAX,431.75,JPY,2.89,Flagged,AML alert,Debit Card,EXT-WUGYSDB6DCRE,45.23.191.220,4/9/24 23:38,4/10/24 6:30
TXN-000280,40,Trade,Silver,793.91,JPY,5.32,Cancelled,,SEPA,EXT-RDE48U04DDUW,175.36.112.181,1/21/24 23:52,1/22/24 14:04
TXN-000281,78,Trade,Gold,11877.88,CHF,13422,Cancelled,,E-Wallet,EXT-NWSAUD24ONS4,13.61.220.233,9/20/25 6:24,9/20/25 2:41
TXN-000282,94,Refund,DAX,234.35,SGD,173.42,Failed,,SEPA,EXT-J5MLWKGZD6RT,14.220.72.129,12/4/24 6:49,12/4/24 23:46
TXN-000283,57,Withdrawal,Silver,73.66,CHF,83.24,Cancelled,,Debit Card,EXT-TIB56LGW6LZ1,160.18.158.247,4/28/25 23:53,4/29/25 6:06
TXN-000284,22,Trade,MSFT,1913.64,CHF,2162.41,Failed,,ACH,EXT-TE9XNSOBBT4N,197.185.193.101,7/31/24 0:48,7/31/24 17:36
TXN-000285,44,Fee,TSLA,490.37,SGD,362.87,Completed,,Debit Card,EXT-ZQB3YDDJQ0EW,69.174.102.211,9/13/24 6:02,9/13/24 11:27
TXN-000286,74,Trade,FTSE100,135.57,EUR,146.42,Completed,,Wire Transfer,EXT-RJTOP635MEDL,111.161.207.88,7/24/24 18:47,7/25/24 7:45
TXN-000287,26,Fee,BTC/USD,105.97,EUR,114.45,Flagged,Sanctions match,Debit Card,EXT-0T0JFXHSEFI7,63.55.66.135,4/28/25 15:05,4/29/25 1:06
TXN-000288,23,Deposit,GBP/USD,147.16,SAR,39.73,Cancelled,,SEPA,EXT-8ETMPZNKXBWU,158.38.104.157,9/27/24 13:33,9/27/24 16:07
TXN-000289,94,Trade,MSFT,1705.3,CHF,1926.99,Failed,,Debit Card,EXT-II9XSZ1RJOO2,195.93.121.11,12/16/24 13:07,12/16/24 12:04
TXN-000290,95,Withdrawal,DAX,91.4,GBP,116.08,Cancelled,,Credit Card,EXT-MH76L152MJBQ,184.205.220.175,8/2/25 16:37,8/3/25 4:13
TXN-000291,45,Refund,Natural Gas,1820.02,USD,1820.02,Completed,,Bank Transfer,EXT-6A0JLEVP4IDP,78.236.237.147,8/26/25 12:40,8/27/25 3:58
TXN-000292,43,Transfer,AAPL,1326.17,SAR,358.07,Completed,,Bank Transfer,EXT-5HMPROD1Z3EG,196.142.33.49,5/20/24 5:56,5/20/24 15:09
TXN-000293,85,Deposit,NASDAQ,340.8,SAR,92.02,Completed,,Debit Card,EXT-QTF7M32UI7BY,11.246.36.183,11/3/24 22:18,11/4/24 16:27
TXN-000294,87,Withdrawal,,6308.23,EUR,6812.89,Pending,,Crypto Wallet,EXT-ONLZ7IY5LXAT,120.60.243.151,6/5/24 9:08,
TXN-000295,83,Fee,BTC/USD,714.2,SGD,528.51,Completed,,Crypto Wallet,EXT-NY3YTXS9LFEG,95.118.92.176,8/20/24 23:41,8/21/24 14:18
TXN-000296,50,Transfer,Oil,7482.6,SGD,5537.12,Cancelled,,Wire Transfer,EXT-O5HTLKKC4Z52,36.45.62.108,12/10/25 8:20,12/11/25 2:12
TXN-000297,90,Withdrawal,META,586.24,CHF,662.45,Completed,,E-Wallet,EXT-5UVEQ0ZTPT0T,214.1.217.217,11/24/24 5:11,11/24/24 14:56
TXN-000298,29,Refund,AAPL,524.15,CHF,592.29,Completed,,Debit Card,EXT-IQBMUIM3EUJ7,2.223.80.189,3/5/24 19:49,3/5/24 18:51
TXN-000299,11,Withdrawal,Gold,8959.73,USD,8959.73,Completed,,E-Wallet,EXT-NC1PZQLDSEDQ,148.18.145.142,11/7/25 4:19,11/7/25 22:48
TXN-000300,2,Transfer,,1275.41,SGD,943.8,Pending,,E-Wallet,EXT-Z7KJI5PX13MZ,43.246.163.195,9/18/25 4:12,
TXN-000301,25,Trade,USD/JPY,650.8,CHF,735.4,Flagged,Unusual pattern,SEPA,EXT-FBQ4715PHF6C,99.206.119.234,5/5/25 2:37,5/5/25 16:54
TXN-000302,70,Transfer,NVDA,5633.87,CAD,4169.06,Completed,,Debit Card,EXT-XFBJQKAQHEH0,55.205.92.39,11/16/24 15:24,11/17/24 7:37
TXN-000303,73,Refund,Silver,337.14,CHF,380.97,Completed,,Wire Transfer,EXT-DUAN3W94NM25,53.84.1.71,4/15/24 12:01,4/15/24 9:38
TXN-000304,75,Deposit,MSFT,1038.17,CAD,768.25,Completed,,Credit Card,EXT-VABPZLHZ6TAV,65.152.115.209,6/14/25 18:43,6/14/25 22:09
TXN-000305,83,Deposit,NVDA,583.91,JPY,3.91,Failed,,ACH,EXT-WMRVP9PBQYWC,104.102.141.198,8/22/24 18:55,8/22/24 21:59
TXN-000306,83,Refund,USD/JPY,397.63,GBP,504.99,Failed,,Wire Transfer,EXT-FL1X40VXPXAC,197.235.243.114,9/5/24 21:08,9/6/24 9:57
TXN-000307,11,Fee,DAX,1611.61,GBP,2046.74,Failed,,SEPA,EXT-OFZY18VTFYET,53.45.190.100,1/3/25 17:34,1/3/25 12:50
TXN-000308,90,Trade,AMZN,26572.95,AED,7174.7,Completed,,ACH,EXT-43NOA98LJF7Y,61.217.7.246,12/18/24 3:04,12/18/24 1:50
TXN-000309,46,Withdrawal,Nikkei,320.57,SGD,237.22,Failed,,ACH,EXT-WBJLCHJSCNPZ,208.81.42.185,11/28/24 0:03,11/28/24 10:20
TXN-000310,50,Fee,AAPL,1655.94,SAR,447.1,Completed,,Wire Transfer,EXT-C8T22AZUJRSI,25.203.44.123,2/25/24 17:05,2/26/24 5:26
TXN-000311,94,Trade,,47759.13,SAR,12894.97,Pending,,ACH,EXT-54N0IROZWN0Z,35.165.34.15,5/1/24 4:11,
TXN-000312,47,Trade,FTSE100,1760.69,SGD,1302.91,Failed,,Credit Card,EXT-IC22OTVX40GK,200.192.25.246,10/25/25 6:30,10/25/25 17:36
TXN-000313,41,Withdrawal,BTC/USD,41.59,SGD,30.78,Cancelled,,ACH,EXT-FDL8FGNDLA6L,20.242.229.46,9/26/25 4:35,9/26/25 1:43
TXN-000314,25,Transfer,NVDA,1133.68,SAR,306.09,Cancelled,,ACH,EXT-TH98CDIK8MFK,22.180.180.55,6/26/24 10:24,6/26/24 17:09
TXN-000315,74,Fee,Silver,623.92,CAD,461.7,Flagged,Geo mismatch,Credit Card,EXT-VW6664DPYNNO,67.251.164.169,12/11/25 21:31,12/11/25 22:00
TXN-000316,34,Withdrawal,Nikkei,7093.78,AED,1915.32,Completed,,Crypto Wallet,EXT-QR7C3X6LHT98,22.126.84.59,5/16/25 18:06,5/17/25 4:26
TXN-000317,81,Fee,,1871.27,AED,505.24,Pending,,Credit Card,EXT-Q79NN1ME7QA0,127.235.121.16,12/13/25 2:35,
TXN-000318,27,Refund,AMZN,1872.49,CAD,1385.64,Completed,,SEPA,EXT-DHYA8BPD5EUX,103.192.208.195,6/6/24 17:15,6/6/24 15:24
TXN-000319,49,Fee,TSLA,16898.77,EUR,18250.67,Completed,,Bank Transfer,EXT-HFL9IUABSP4J,17.145.160.229,3/22/25 12:39,3/23/25 5:46
TXN-000320,22,Fee,Silver,266.89,SAR,72.06,Cancelled,,SEPA,EXT-UEWVGMJCRJ22,61.7.128.93,11/23/25 8:35,11/24/25 2:56
TXN-000321,10,Withdrawal,Nikkei,1731.2,JPY,11.6,Flagged,Velocity check,Credit Card,EXT-3E0P07WES7A2,46.248.232.97,4/26/24 1:44,4/25/24 22:10
TXN-000322,23,Refund,XRP/USD,26918.05,GBP,34185.92,Completed,,Wire Transfer,EXT-L2R31OWKXFTI,107.49.178.245,2/1/25 13:05,2/1/25 21:24
TXN-000323,75,Refund,,28053.82,EUR,30298.13,Pending,,SEPA,EXT-9W22QREOJO3J,1.164.54.166,12/19/24 6:36,
TXN-000324,21,Transfer,Gold,2571.36,USD,2571.36,Flagged,High amount,SEPA,EXT-ATQLV1WXB8E2,193.140.183.174,11/11/25 14:34,11/11/25 21:05
TXN-000325,84,Refund,FTSE100,43955.51,CHF,49669.73,Flagged,Velocity check,Debit Card,EXT-FTNIRUO20HFT,160.92.98.40,2/7/25 3:54,2/7/25 12:04
TXN-000326,100,Withdrawal,,220.03,CAD,162.82,Pending,,SEPA,EXT-TW3GD13D85M2,136.190.170.96,5/25/25 5:23,
TXN-000327,55,Trade,MSFT,395.68,CAD,292.8,Completed,,E-Wallet,EXT-ENO0RMW1VDBN,66.134.184.205,9/4/24 17:37,9/5/24 0:56
TXN-000328,99,Withdrawal,USD/JPY,612.05,USD,612.05,Completed,,Debit Card,EXT-1ZA1T911AQOU,106.189.217.95,4/3/24 13:56,4/4/24 0:36
TXN-000329,84,Withdrawal,FTSE100,1465.44,AED,395.67,Completed,,Crypto Wallet,EXT-MSFPE1S821E5,53.57.26.125,3/5/24 12:09,3/5/24 11:28
TXN-000330,31,Deposit,META,9930.11,AUD,6454.57,Completed,,Wire Transfer,EXT-N4QF25XUTBN9,187.79.48.43,4/23/24 14:22,4/23/24 12:17
TXN-000331,87,Fee,XRP/USD,190.56,JPY,1.28,Completed,,Bank Transfer,EXT-VSXUBVATZXY3,45.52.28.83,3/24/24 11:14,3/24/24 5:45
TXN-000332,15,Deposit,FTSE100,6161.21,JPY,41.28,Completed,,SEPA,EXT-J3PD6B4LJ5S0,84.236.56.171,12/5/25 21:28,12/6/25 10:51
TXN-000333,87,Deposit,Oil,942.93,GBP,1197.52,Failed,,Debit Card,EXT-TXNGMHA56IO7,155.251.220.50,10/18/25 8:49,10/18/25 14:37
TXN-000334,93,Refund,EUR/USD,181.68,AUD,118.09,Flagged,Unusual pattern,SEPA,EXT-N0FYH9KOMH12,64.101.200.88,2/22/25 16:04,2/23/25 8:53
TXN-000335,100,Transfer,Oil,142.02,JPY,0.95,Failed,,Credit Card,EXT-OX8F37H18ZC7,92.11.252.19,9/15/25 22:45,9/16/25 12:52
TXN-000336,65,Refund,Natural Gas,394.36,JPY,2.64,Completed,,Wire Transfer,EXT-AHS764902JV0,20.105.222.17,7/21/24 0:29,7/20/24 21:08
TXN-000337,94,Fee,ETH/USD,318.49,AED,85.99,Completed,,Credit Card,EXT-WKGT7SZJXJ68,114.246.21.7,2/24/24 16:39,2/24/24 19:59
TXN-000338,46,Refund,Oil,2270.01,AUD,1475.51,Flagged,PEP transaction,Wire Transfer,EXT-Y50OLPIJHUXR,179.159.23.40,3/8/25 22:52,3/9/25 14:57
TXN-000339,60,Fee,,5212.91,JPY,34.93,Pending,,Wire Transfer,EXT-EFCZ7VRKCC5W,73.203.235.212,2/14/24 7:07,
TXN-000340,2,Trade,AMZN,1191.45,CAD,881.67,Cancelled,,ACH,EXT-AH781E4HJRM2,94.156.181.139,11/5/25 13:59,11/5/25 10:49
TXN-000341,65,Transfer,Oil,10144.13,USD,10144.13,Failed,,Debit Card,EXT-NBNVDQ4AH49U,193.196.32.233,8/6/24 10:10,8/6/24 13:49
TXN-000342,56,Fee,AMZN,892.35,EUR,963.74,Completed,,Crypto Wallet,EXT-0WXZ3YCEDGJJ,69.149.14.54,4/12/24 21:08,4/12/24 18:00
TXN-000343,10,Refund,NASDAQ,272.12,SAR,73.47,Completed,,Bank Transfer,EXT-AZ7L8CCR50RR,62.12.149.96,1/31/25 20:36,1/31/25 23:09
TXN-000344,89,Refund,USD/JPY,988.12,USD,988.12,Completed,,SEPA,EXT-50F73RPPWVTD,79.197.233.179,12/1/24 7:52,12/1/24 18:06
TXN-000345,70,Withdrawal,XRP/USD,871.86,USD,871.86,Completed,,SEPA,EXT-00N6YDP4D88J,101.249.104.207,3/3/24 15:00,3/3/24 21:43
TXN-000346,25,Withdrawal,GOOGL,382.62,AUD,248.7,Completed,,Bank Transfer,EXT-Y3IT3WWYA5SN,212.13.181.83,1/22/25 16:21,1/23/25 9:28
TXN-000347,14,Withdrawal,NASDAQ,8880.28,EUR,9590.7,Completed,,Bank Transfer,EXT-UQH1NQLH2JK4,159.13.211.222,6/1/25 0:01,6/1/25 16:24
TXN-000348,50,Fee,Silver,257.64,GBP,327.2,Completed,,Bank Transfer,EXT-P96S2C44I2Z6,214.150.181.156,6/26/25 12:59,6/26/25 10:58
TXN-000349,22,Deposit,DAX,306.37,CAD,226.71,Completed,,Credit Card,EXT-NZQ140N98BAI,203.52.117.124,9/22/24 20:36,9/23/24 14:56
TXN-000350,48,Withdrawal,NASDAQ,164.83,GBP,209.33,Flagged,PEP transaction,E-Wallet,EXT-FM0XMEGC3LT3,189.23.71.104,10/29/24 17:49,10/30/24 4:38
TXN-000351,85,Refund,Natural Gas,1025.46,CAD,758.84,Cancelled,,ACH,EXT-39JUHH8IVT1Y,78.113.51.122,4/14/25 4:08,4/14/25 19:05
TXN-000352,11,Transfer,GBP/USD,41299.8,JPY,276.71,Completed,,ACH,EXT-OJXAXERVEG7K,93.94.80.234,2/27/25 19:43,2/28/25 1:23
TXN-000353,71,Transfer,,28734.6,USD,28734.6,Pending,,E-Wallet,EXT-1AVDRDI70SMI,89.196.248.179,7/2/25 6:20,
TXN-000354,35,Trade,AUD/USD,749.25,USD,749.25,Failed,,Debit Card,EXT-DL5OVLDG6P8P,112.75.235.181,11/14/24 21:30,11/14/24 20:06
TXN-000355,100,Deposit,,240.97,EUR,260.25,Pending,,E-Wallet,EXT-TCKJM6AXBOJX,39.202.159.128,12/24/25 12:15,
TXN-000356,49,Transfer,S&P500,668.66,USD,668.66,Cancelled,,Crypto Wallet,EXT-RRD0PS0WHIOX,139.187.247.46,1/20/25 15:35,1/20/25 12:56
TXN-000357,2,Fee,AAPL,353.64,AED,95.48,Completed,,Credit Card,EXT-XG9LDPN6MRTH,37.181.157.236,10/4/25 23:57,10/5/25 14:22
TXN-000358,78,Withdrawal,,4664.58,EUR,5037.75,Pending,,Credit Card,EXT-0Y2136MJ24J5,52.152.27.163,11/2/25 7:45,
TXN-000359,3,Withdrawal,Natural Gas,337.16,USD,337.16,Completed,,ACH,EXT-46Q4IOQQCLKK,94.74.32.60,3/2/25 6:14,3/2/25 0:53
TXN-000360,19,Deposit,FTSE100,43038.54,USD,43038.54,Completed,,Bank Transfer,EXT-YNJP1ZCZ42MN,145.243.108.55,7/2/25 0:48,7/2/25 0:59
TXN-000361,3,Trade,AAPL,483.13,SGD,357.52,Completed,,Bank Transfer,EXT-U3SFX0AYDQD8,75.250.104.147,2/8/24 2:39,2/8/24 19:32
TXN-000362,77,Refund,ETH/USD,474.44,GBP,602.54,Completed,,E-Wallet,EXT-N8LO364X1L85,97.230.107.17,3/7/25 3:31,3/7/25 11:18
TXN-000363,70,Withdrawal,Natural Gas,1627.54,SGD,1204.38,Completed,,Bank Transfer,EXT-46PWPV3JJRQI,19.246.141.196,3/26/25 20:17,3/27/25 14:19
TXN-000364,34,Trade,NVDA,12161.03,AUD,7904.67,Cancelled,,E-Wallet,EXT-4N7IGE7NG8BU,97.254.253.186,12/13/24 7:21,12/13/24 20:31
TXN-000365,38,Transfer,AMZN,25562.59,EUR,27607.6,Failed,,SEPA,EXT-MVP8GD7LJ8L9,162.90.56.45,8/15/25 1:22,8/15/25 5:58
TXN-000366,95,Transfer,NASDAQ,985.37,CHF,1113.47,Failed,,Credit Card,EXT-XWPPZ6K6Z1KV,68.7.69.139,9/30/24 22:16,9/30/24 16:48
TXN-000367,64,Trade,AUD/USD,1028.37,CAD,760.99,Completed,,SEPA,EXT-M6YOL8VDCLXM,208.117.77.107,11/10/25 6:34,11/10/25 2:37
TXN-000368,61,Trade,Nikkei,6921.54,AED,1868.82,Failed,,Bank Transfer,EXT-W1H3UZSXHVQB,41.133.57.107,11/29/24 5:21,11/29/24 11:06
TXN-000369,39,Trade,MSFT,71852.64,CHF,81193.48,Cancelled,,Debit Card,EXT-2EP74KWQ14BB,64.243.193.159,5/25/25 0:12,5/25/25 14:38
TXN-000370,53,Transfer,USD/JPY,6627.57,GBP,8417.01,Completed,,Debit Card,EXT-ZX9YNWAJ43PD,73.19.110.109,6/7/24 9:15,6/7/24 18:24
TXN-000371,2,Withdrawal,XRP/USD,48818.59,EUR,52724.08,Flagged,High amount,Bank Transfer,EXT-BITSJ7Y28DK4,171.58.163.126,1/11/24 16:09,1/12/24 0:24
TXN-000372,94,Trade,S&P500,411.9,EUR,444.85,Completed,,Crypto Wallet,EXT-FTKQNHG2C975,173.175.150.197,2/10/25 21:29,2/10/25 22:24
TXN-000373,26,Deposit,BTC/USD,151873.12,CHF,171616.63,Completed,,E-Wallet,EXT-1BOYPNH2BV4L,130.142.102.113,1/6/25 5:30,1/6/25 15:17
TXN-000374,18,Deposit,AMZN,548.41,GBP,696.48,Completed,,Credit Card,EXT-7W0QD1IA4S2V,219.97.223.82,2/10/25 22:44,2/11/25 1:15
TXN-000375,89,Refund,Silver,1408.55,CHF,1591.66,Failed,,Debit Card,EXT-OMHND5YQ4S7H,160.212.216.166,1/16/25 3:00,1/16/25 0:26
TXN-000376,33,Trade,MSFT,26193.77,USD,26193.77,Failed,,ACH,EXT-SAK6VJIX8SQR,94.30.227.217,6/21/25 14:06,6/22/25 6:30
TXN-000377,27,Withdrawal,Gold,1385.62,AUD,900.65,Failed,,Credit Card,EXT-PF7PJOHCJOGK,138.126.129.132,10/11/25 13:50,10/12/25 5:24
TXN-000378,21,Fee,AAPL,1119.51,AUD,727.68,Completed,,Wire Transfer,EXT-M7ILK1212LF3,205.139.35.74,2/19/24 20:45,2/20/24 6:33
TXN-000379,90,Transfer,GOOGL,361.98,USD,361.98,Completed,,Credit Card,EXT-GGPOTYAXXD49,204.158.179.75,2/21/25 15:59,2/21/25 19:40
TXN-000380,91,Trade,XRP/USD,7196.9,CAD,5325.71,Completed,,SEPA,EXT-THWMTA6ZXS2T,17.45.119.22,4/14/25 9:43,4/14/25 17:34
TXN-000381,79,Trade,,99.15,AUD,64.45,Pending,,Debit Card,EXT-VMP72439K9SU,109.115.170.32,6/14/24 23:26,
TXN-000382,50,Trade,META,2101.89,EUR,2270.04,Completed,,Crypto Wallet,EXT-Y2CZHB2SAAX1,21.158.82.29,4/6/24 17:59,4/7/24 7:39
TXN-000383,4,Withdrawal,Natural Gas,126.25,EUR,136.35,Flagged,PEP transaction,Debit Card,EXT-WKJFOJ74ZSAJ,201.93.1.14,7/25/25 9:28,7/26/25 3:14
TXN-000384,36,Deposit,NASDAQ,346.62,GBP,440.21,Completed,,E-Wallet,EXT-T2DL5KWFGYRR,81.134.177.165,11/18/25 8:16,11/18/25 3:37
TXN-000385,85,Transfer,GBP/USD,5424.73,GBP,6889.41,Flagged,Geo mismatch,E-Wallet,EXT-I0LYYETH1UR2,3.61.2.252,4/21/24 2:01,4/21/24 3:32
TXN-000386,61,Trade,TSLA,363.52,GBP,461.67,Completed,,SEPA,EXT-LJAPB3YUKIMN,222.27.13.191,5/20/24 23:42,5/21/24 9:21
TXN-000387,93,Trade,Nikkei,18.65,AED,5.04,Flagged,Velocity check,Credit Card,EXT-0ZCQ2YEVFX24,17.112.31.135,12/10/25 15:01,12/11/25 6:58
TXN-000388,91,Deposit,META,1800.98,JPY,12.07,Failed,,Bank Transfer,EXT-J5MU4A66BGKT,19.127.254.115,6/16/24 8:46,6/16/24 3:38
TXN-000389,15,Deposit,GBP/USD,1767.28,SAR,477.17,Completed,,ACH,EXT-OUUMCAHC3UEV,109.104.159.187,4/11/25 18:41,4/12/25 0:35
TXN-000390,56,Deposit,Silver,702.81,SGD,520.08,Cancelled,,Crypto Wallet,EXT-P8IY6JMLS5BP,198.127.253.195,4/19/24 22:00,4/20/24 13:22
TXN-000391,16,Deposit,,206.24,AED,55.68,Pending,,Wire Transfer,EXT-JBGUVEL0TUS5,114.254.177.242,12/19/24 9:31,
TXN-000392,17,Withdrawal,,412.93,SAR,111.49,Pending,,SEPA,EXT-YGXJXQJFFGAB,185.183.195.170,12/31/24 5:22,
TXN-000393,54,Withdrawal,,267.83,JPY,1.79,Pending,,ACH,EXT-7SCAJ7UEE41F,53.146.254.233,1/11/24 5:05,
TXN-000394,10,Deposit,BTC/USD,115138.8,AED,31087.48,Flagged,PEP transaction,Crypto Wallet,EXT-QED4R4G0ZHXI,99.166.148.58,3/1/25 15:59,3/1/25 23:29
TXN-000395,44,Trade,MSFT,106.21,JPY,0.71,Completed,,Debit Card,EXT-WQSENRURYD1H,59.202.227.225,7/2/25 1:03,7/2/25 18:23
TXN-000396,48,Withdrawal,GOOGL,47000.92,AUD,30550.6,Completed,,Wire Transfer,EXT-6H238KQXBS4Y,210.255.26.110,3/29/25 1:29,3/29/25 16:02
TXN-000397,49,Deposit,,45.64,GBP,57.96,Pending,,Wire Transfer,EXT-P6ALC3R5K4AG,21.71.208.152,9/14/25 9:26,
TXN-000398,13,Trade,FTSE100,1437.61,AED,388.15,Completed,,Debit Card,EXT-C3ETFC2E45BA,77.253.211.238,2/27/25 9:43,2/27/25 10:05
TXN-000399,66,Deposit,GOOGL,807.04,GBP,1024.94,Completed,,Credit Card,EXT-J3LGGP3W0J0W,181.118.29.110,12/23/25 12:08,12/24/25 4:48
TXN-000400,28,Refund,NASDAQ,1743.25,GBP,2213.93,Cancelled,,Credit Card,EXT-YIBKC49W38NW,18.37.203.238,11/5/25 2:50,11/5/25 1:46
TXN-000401,32,Transfer,,1675.7,GBP,2128.14,Pending,,Credit Card,EXT-ZVS9381MJSN8,52.125.160.202,4/20/24 8:44,
TXN-000402,47,Trade,AUD/USD,449.81,AUD,292.38,Completed,,ACH,EXT-ELL6WFLA3BNL,207.3.149.35,12/2/24 9:07,12/2/24 6:48
TXN-000403,82,Withdrawal,MSFT,18102.21,EUR,19550.39,Cancelled,,E-Wallet,EXT-XZRHJD7ED73V,149.179.202.45,12/1/25 17:27,12/2/25 10:33
TXN-000404,37,Withdrawal,,445.24,SGD,329.48,Pending,,SEPA,EXT-JOPT813ONTC6,144.163.23.127,10/18/24 7:38,
TXN-000405,14,Transfer,BTC/USD,197.09,USD,197.09,Completed,,ACH,EXT-PVNIPD90GNUH,28.114.35.145,1/6/24 23:55,1/6/24 21:48
TXN-000406,51,Withdrawal,NVDA,20150.44,AED,5440.62,Flagged,PEP transaction,ACH,EXT-LHWQ0X3B2US6,180.206.189.110,11/24/25 17:27,11/24/25 22:28
TXN-000407,68,Transfer,ETH/USD,2052.06,USD,2052.06,Failed,,ACH,EXT-8NMW4YKBEZNM,68.193.106.201,9/11/24 14:04,9/11/24 14:43
TXN-000408,100,Withdrawal,AAPL,301.25,CAD,222.93,Completed,,Credit Card,EXT-TALRJWFUZZKJ,117.81.102.247,1/16/25 21:00,1/17/25 0:12
TXN-000409,45,Deposit,GBP/USD,1601.7,SGD,1185.26,Completed,,Credit Card,EXT-1YNEF5JP7JWP,35.24.109.25,11/22/25 23:44,11/23/25 5:28
TXN-000410,51,Fee,ETH/USD,5627.01,CAD,4163.99,Completed,,Bank Transfer,EXT-F65MYMA0MGAT,114.248.230.151,9/13/24 11:29,9/14/24 5:21
TXN-000411,11,Fee,Gold,91298.99,USD,91298.99,Completed,,SEPA,EXT-M9R7GQJXCSDL,152.63.206.71,6/19/25 19:01,6/20/25 0:42
TXN-000412,98,Refund,DAX,651.98,SGD,482.47,Completed,,ACH,EXT-VU7ME2MA38HA,71.60.39.159,5/4/25 23:30,5/5/25 1:35
TXN-000413,78,Transfer,,853.42,SAR,230.42,Pending,,ACH,EXT-H2EPPUDAAUEY,97.132.187.76,5/29/24 8:12,
TXN-000414,92,Transfer,DAX,429.26,USD,429.26,Completed,,Debit Card,EXT-NM5TU4CXN8TY,207.235.79.9,3/20/24 18:14,3/20/24 17:13
TXN-000415,51,Withdrawal,Nikkei,450.92,AED,121.75,Completed,,ACH,EXT-M9WRWF6V2KG4,47.130.166.212,3/30/24 1:51,3/30/24 8:23
TXN-000416,83,Transfer,XRP/USD,126.34,SAR,34.11,Completed,,Debit Card,EXT-7V6HCT6FBQ1T,55.27.251.188,5/16/25 5:18,5/16/25 3:03
TXN-000417,52,Withdrawal,,424.21,SGD,313.92,Pending,,Debit Card,EXT-T7W6P88QCYP0,52.236.137.204,8/17/25 10:50,
TXN-000418,95,Deposit,,37901.42,AUD,24635.92,Pending,,Bank Transfer,EXT-RSETV2JTXZY5,58.148.122.32,7/13/24 19:46,
TXN-000419,70,Deposit,Oil,391.13,GBP,496.74,Cancelled,,Debit Card,EXT-KTBTBJ81RB07,103.129.199.91,5/27/24 19:39,5/27/24 14:42
TXN-000420,39,Deposit,Natural Gas,404.95,CHF,457.59,Completed,,Bank Transfer,EXT-ZNL38NPMOFV3,211.27.243.245,10/11/25 9:33,10/11/25 12:12
TXN-000421,30,Refund,Silver,469.62,AED,126.8,Completed,,Bank Transfer,EXT-V228IR4XNRID,122.232.201.211,7/22/24 6:23,7/22/24 15:52
TXN-000422,23,Withdrawal,Oil,4429.15,JPY,29.68,Completed,,Wire Transfer,EXT-6DQ5A1976ZID,82.229.220.2,9/13/25 19:09,9/14/25 10:23
TXN-000423,29,Refund,NASDAQ,468.92,AUD,304.8,Flagged,Unusual pattern,Wire Transfer,EXT-PJ8GDDFHMP94,156.233.238.77,7/19/24 17:26,7/20/24 10:03
TXN-000424,44,Refund,MSFT,9409.8,SGD,6963.25,Completed,,Crypto Wallet,EXT-1U5L0L3N0TLI,152.54.112.115,1/28/24 21:42,1/28/24 16:19
TXN-000425,6,Deposit,NASDAQ,2369.06,AED,639.65,Completed,,ACH,EXT-8IWWYRTS0Q2M,110.24.182.124,3/26/25 4:07,3/26/25 4:21
TXN-000426,42,Fee,,36.99,GBP,46.98,Pending,,Crypto Wallet,EXT-NZOJCURGG70F,137.47.207.35,4/10/24 2:14,
TXN-000427,12,Withdrawal,NASDAQ,1880.19,GBP,2387.84,Completed,,SEPA,EXT-C9HRPJE4YWUT,140.90.222.142,6/19/24 2:08,6/19/24 4:43
TXN-000428,78,Fee,,585.2,JPY,3.92,Pending,,ACH,EXT-TYXHNGXCF79A,2.246.108.102,4/15/24 10:14,
TXN-000429,73,Fee,EUR/USD,1611.01,SAR,434.97,Failed,,E-Wallet,EXT-ZP8PDGM0AECB,136.212.47.65,11/19/25 9:30,11/19/25 9:16
TXN-000430,89,Transfer,BTC/USD,755.01,SGD,558.71,Flagged,Sanctions match,E-Wallet,EXT-UETEETWA0S69,220.159.46.57,8/1/25 9:56,8/1/25 20:08
TXN-000431,32,Fee,GOOGL,151195.68,CAD,111884.8,Flagged,Velocity check,Crypto Wallet,EXT-9GVWRVQP4B2M,31.107.81.194,3/23/24 15:43,3/23/24 14:47
TXN-000432,78,Fee,TSLA,40048.7,SAR,10813.15,Completed,,Credit Card,EXT-CPZ65DH5CJPF,114.213.45.235,6/8/25 13:07,6/8/25 15:10
TXN-000433,84,Fee,AUD/USD,44.24,AED,11.94,Cancelled,,Debit Card,EXT-9EVVUFAWEIBP,85.180.27.65,5/27/25 13:39,5/28/25 5:08
TXN-000434,11,Refund,,42018.18,SAR,11344.91,Pending,,E-Wallet,EXT-5KE2RK1OHPHY,181.135.104.52,4/12/25 6:20,
TXN-000435,89,Withdrawal,META,163.95,JPY,1.1,Cancelled,,E-Wallet,EXT-728PU7ZJ9WX8,32.117.177.121,12/12/24 12:45,12/12/24 17:34
TXN-000436,1,Deposit,Silver,269.81,SGD,199.66,Cancelled,,ACH,EXT-6UDIOS5MWO3Z,59.48.132.40,12/15/24 10:06,12/15/24 15:19
TXN-000437,88,Withdrawal,FTSE100,96.26,USD,96.26,Flagged,AML alert,Bank Transfer,EXT-RUMMJ8C7K5XP,98.9.218.99,5/15/24 3:37,5/15/24 21:37
TXN-000438,81,Deposit,Oil,412.69,AED,111.43,Failed,,E-Wallet,EXT-AI0OMQUNJBSE,85.76.145.114,7/17/24 4:54,7/17/24 5:20
TXN-000439,57,Trade,EUR/USD,9474.64,SGD,7011.23,Completed,,SEPA,EXT-XVVMRE5G4E6T,209.45.224.92,7/12/25 3:05,7/12/25 17:36
TXN-000440,65,Transfer,DAX,9384.41,SGD,6944.46,Completed,,E-Wallet,EXT-8S5205TY2DI0,162.5.157.84,4/10/24 17:35,4/10/24 13:11
TXN-000441,67,Deposit,GBP/USD,262,SGD,193.88,Completed,,Credit Card,EXT-9Q5CADGUG5XU,131.91.56.155,10/14/25 5:36,10/14/25 14:30
TXN-000442,79,Fee,,21180.08,JPY,141.91,Pending,,SEPA,EXT-S6288ONEMZ4B,144.152.56.69,11/7/24 11:29,
TXN-000443,60,Withdrawal,Silver,348.47,AED,94.09,Completed,,Credit Card,EXT-WTSU0AVNY9G6,140.69.84.60,5/27/25 3:00,5/27/25 11:20
TXN-000444,17,Fee,GOOGL,48.58,SAR,13.12,Completed,,Crypto Wallet,EXT-8H7MNVUWF5G0,209.39.105.139,3/1/25 4:01,3/1/25 15:25
TXN-000445,81,Deposit,S&P500,1274,CAD,942.76,Completed,,Crypto Wallet,EXT-1A2M7ERYCYA6,95.88.234.197,1/10/25 16:17,1/11/25 8:22
TXN-000446,79,Fee,AAPL,33465.59,GBP,42501.3,Flagged,AML alert,Wire Transfer,EXT-9Y0TO3BKCTRG,130.205.15.164,7/8/24 5:07,7/8/24 10:46
TXN-000447,38,Trade,MSFT,195407.3,AUD,127014.74,Completed,,ACH,EXT-9K1BG8ROC7NX,37.123.87.31,4/10/24 8:58,4/11/24 2:04
TXN-000448,51,Fee,S&P500,1422.51,CAD,1052.66,Completed,,Credit Card,EXT-I86SZ0VUSOHJ,111.150.181.167,12/30/24 8:20,12/30/24 7:35
TXN-000449,75,Trade,Natural Gas,2716.88,USD,2716.88,Completed,,E-Wallet,EXT-OU2QPVKFLP5I,102.214.186.35,10/14/24 8:12,10/14/24 4:41
TXN-000450,45,Fee,Gold,9934.6,JPY,66.56,Flagged,PEP transaction,ACH,EXT-2JFONTWVKX45,102.190.116.77,8/31/24 17:04,9/1/24 1:26
TXN-000451,52,Withdrawal,FTSE100,36055.64,USD,36055.64,Cancelled,,Wire Transfer,EXT-88A1S97M8VIU,156.85.246.172,6/22/24 3:13,6/22/24 13:10
TXN-000452,90,Trade,BTC/USD,1160.3,SAR,313.28,Flagged,PEP transaction,Debit Card,EXT-YSXUAOTARCR7,103.46.75.128,10/12/24 23:00,10/13/24 5:16
TXN-000453,95,Refund,FTSE100,1165.57,AUD,757.62,Completed,,ACH,EXT-ATMQTORY8CG7,135.29.3.171,2/22/25 17:49,2/22/25 23:05
TXN-000454,38,Fee,AMZN,1882.49,AUD,1223.62,Completed,,Crypto Wallet,EXT-OHP19T9KM3HT,204.184.206.204,7/16/24 2:21,7/16/24 7:02
TXN-000455,15,Withdrawal,EUR/USD,26492.01,AUD,17219.81,Completed,,ACH,EXT-U6GP895QE91R,17.100.158.220,1/13/25 22:25,1/14/25 5:23
TXN-000456,80,Withdrawal,,9306.93,JPY,62.36,Pending,,Wire Transfer,EXT-4F8BTTHVAS52,13.25.28.11,3/4/25 19:07,
TXN-000457,64,Fee,ETH/USD,63327.93,AED,17098.54,Completed,,Credit Card,EXT-3KTGPJUKTCH0,142.146.254.165,8/2/25 6:43,8/2/25 19:33
TXN-000458,23,Transfer,Natural Gas,2886.31,AUD,1876.1,Completed,,E-Wallet,EXT-T5O74JIO9TNG,4.226.244.210,10/3/25 20:32,10/4/25 5:24
TXN-000459,95,Refund,GBP/USD,153600.7,SAR,41472.19,Completed,,Wire Transfer,EXT-RQUSI7XW0JE2,189.164.56.141,4/10/25 6:03,4/10/25 12:11
TXN-000460,19,Fee,AAPL,1677.49,JPY,11.24,Completed,,ACH,EXT-YRPU450H7N3K,109.111.87.112,9/15/25 7:20,9/15/25 12:47
TXN-000461,28,Transfer,BTC/USD,6663.28,SAR,1799.09,Completed,,Bank Transfer,EXT-NJFTZ09UDU00,11.190.207.120,8/18/25 10:58,8/19/25 3:43
TXN-000462,56,Refund,GOOGL,22.03,SGD,16.3,Cancelled,,Bank Transfer,EXT-214GP96SOR5U,221.242.28.61,3/6/24 7:05,3/6/24 21:06
TXN-000463,83,Transfer,S&P500,2258.76,CAD,1671.48,Completed,,Debit Card,EXT-0Q1CN7FQ2E7C,114.223.32.109,7/19/24 19:32,7/20/24 6:15
TXN-000464,32,Transfer,XRP/USD,420.89,AED,113.64,Completed,,Wire Transfer,EXT-8RI6CE4THE7R,89.193.107.128,12/18/24 4:23,12/18/24 4:30
TXN-000465,23,Transfer,USD/JPY,4965.44,EUR,5362.68,Failed,,ACH,EXT-3G94JTWKK310,63.195.179.219,1/6/24 22:39,1/7/24 5:34
TXN-000466,4,Deposit,ETH/USD,7703.99,USD,7703.99,Completed,,ACH,EXT-QTNW873ZWYWK,158.60.233.205,1/28/24 14:37,1/28/24 18:05
TXN-000467,64,Deposit,Nikkei,5212.7,AED,1407.43,Completed,,Crypto Wallet,EXT-IZQC6ULJGWL1,104.239.57.200,7/25/25 20:14,7/26/25 3:19
TXN-000468,2,Withdrawal,GOOGL,50.55,JPY,0.34,Flagged,AML alert,Wire Transfer,EXT-WUFFFBTLIHGF,55.95.124.150,12/10/24 18:30,12/10/24 20:18
TXN-000469,80,Trade,XRP/USD,4132.62,JPY,27.69,Failed,,SEPA,EXT-DAJ2PVT3Q7YD,55.219.139.10,6/28/24 6:25,6/28/24 14:20
TXN-000470,90,Trade,XRP/USD,27673.9,AUD,17988.03,Failed,,Crypto Wallet,EXT-2WQB95VH8MLQ,179.169.244.105,3/5/24 7:51,3/5/24 9:12
TXN-000471,89,Trade,USD/JPY,1081.08,AED,291.89,Completed,,Crypto Wallet,EXT-9UE7C9H8IIPN,202.49.158.156,4/24/25 16:08,4/24/25 22:29
TXN-000472,7,Trade,XRP/USD,1757.31,JPY,11.77,Completed,,E-Wallet,EXT-QZ30TSNUIUZC,202.123.255.99,8/22/24 23:47,8/23/24 11:57
TXN-000473,72,Withdrawal,AUD/USD,372.56,CAD,275.69,Cancelled,,ACH,EXT-FZLYG32KN0AL,12.152.241.64,2/24/25 7:37,2/24/25 15:20
TXN-000474,14,Refund,,3689.49,USD,3689.49,Pending,,ACH,EXT-99NELZB36BCN,6.27.125.47,11/8/25 10:18,
TXN-000475,77,Trade,EUR/USD,1936.74,CAD,1433.19,Flagged,Unusual pattern,E-Wallet,EXT-PI9EIWJAA001,199.158.223.49,11/20/25 6:36,11/20/25 11:26
TXN-000476,22,Fee,AUD/USD,1613.48,GBP,2049.12,Cancelled,,Crypto Wallet,EXT-1WKAC54007S8,126.90.228.105,1/7/24 4:36,1/7/24 4:06
TXN-000477,31,Withdrawal,S&P500,50582.24,SGD,37430.86,Completed,,SEPA,EXT-0VDQ9KH6G4N5,21.169.3.91,8/21/25 13:47,8/22/25 0:48
TXN-000478,67,Deposit,MSFT,49691.5,SAR,13416.71,Flagged,Velocity check,Crypto Wallet,EXT-1HR48YSGJFRU,66.70.132.172,10/11/24 20:50,10/12/24 1:06
TXN-000479,90,Withdrawal,,493.86,AED,133.34,Pending,,Debit Card,EXT-0TJINU6J81MX,39.114.139.144,4/12/25 6:29,
TXN-000480,49,Trade,Nikkei,390.59,CHF,441.37,Completed,,E-Wallet,EXT-JYZOA28GB8SA,71.211.35.254,2/19/25 11:21,2/20/25 0:18
TXN-000481,40,Refund,NASDAQ,483.58,CHF,546.45,Completed,,SEPA,EXT-NZ75NB6AF7ZE,26.14.184.4,7/11/25 0:26,7/11/25 18:06
TXN-000482,51,Trade,DAX,292.39,EUR,315.78,Completed,,Wire Transfer,EXT-K6YSMH7YMW3P,78.68.78.9,10/9/25 23:08,10/10/25 7:57
TXN-000483,61,Transfer,FTSE100,354.88,SAR,95.82,Completed,,E-Wallet,EXT-3YJX9C0VYBRE,47.65.129.84,3/3/25 16:54,3/4/25 4:07
TXN-000484,36,Transfer,XRP/USD,522.73,AED,141.14,Failed,,ACH,EXT-VSNF7UDVCM29,92.207.82.184,7/4/25 19:46,7/4/25 15:56
TXN-000485,73,Withdrawal,DAX,1070.65,JPY,7.17,Failed,,Credit Card,EXT-ILE7ALAKCCKZ,180.9.64.206,3/12/24 1:14,3/12/24 2:50
TXN-000486,5,Withdrawal,AUD/USD,132.14,GBP,167.82,Cancelled,,Debit Card,EXT-UO66CQKNW9NH,96.70.173.52,11/6/24 1:45,11/6/24 14:37
TXN-000487,47,Withdrawal,USD/JPY,1698.72,GBP,2157.37,Completed,,SEPA,EXT-HTILYNCFHXH6,117.128.90.10,6/18/24 6:04,6/18/24 20:08
TXN-000488,31,Fee,Gold,1271.93,CHF,1437.28,Completed,,E-Wallet,EXT-LG8QW9AB3ZO9,33.121.154.137,10/29/24 15:49,10/29/24 22:50
TXN-000489,96,Transfer,EUR/USD,1756.66,SGD,1299.93,Completed,,Credit Card,EXT-0ZOLBYSDWF7W,4.197.25.4,3/7/24 15:55,3/7/24 22:57
TXN-000490,61,Trade,TSLA,615.9,JPY,4.13,Cancelled,,SEPA,EXT-8GXGPQQ0PN3M,73.235.201.150,12/5/24 3:30,12/5/24 7:12
TXN-000491,94,Transfer,BTC/USD,6865.48,AUD,4462.56,Cancelled,,Debit Card,EXT-5Z3LG64OVDCB,152.188.14.232,10/8/24 1:16,10/8/24 5:05
TXN-000492,39,Trade,ETH/USD,864.81,AUD,562.13,Cancelled,,Debit Card,EXT-CK0ML5FVHB1E,101.17.144.46,1/22/25 13:25,1/23/25 6:47
TXN-000493,34,Transfer,DAX,2809.52,SAR,758.57,Flagged,AML alert,E-Wallet,EXT-XDJBAV4VN59I,138.166.202.174,10/16/24 13:24,10/16/24 20:40
TXN-000494,76,Withdrawal,ETH/USD,762.72,AUD,495.77,Completed,,Bank Transfer,EXT-ILUCNK27KP93,102.206.160.74,6/13/24 6:03,6/13/24 9:42
TXN-000495,90,Deposit,FTSE100,7162.43,AED,1933.86,Completed,,Bank Transfer,EXT-TA4SD3VM4DO1,68.107.12.59,3/16/24 16:42,3/17/24 2:11
TXN-000496,61,Transfer,AAPL,473.92,JPY,3.18,Completed,,Bank Transfer,EXT-1WU400HS1DMK,131.160.20.168,2/13/25 13:25,2/14/25 0:20
TXN-000497,53,Fee,GBP/USD,1615.6,GBP,2051.81,Completed,,Debit Card,EXT-K4A8VPOC40X6,123.17.192.219,8/8/24 3:40,8/8/24 6:24
TXN-000498,33,Withdrawal,AUD/USD,469.67,AUD,305.29,Completed,,SEPA,EXT-RRXT63D3FBGZ,147.94.186.105,5/27/25 18:49,5/28/25 3:28
TXN-000499,68,Transfer,BTC/USD,1033.7,AED,279.1,Completed,,Wire Transfer,EXT-RL2VQLHI20B4,182.78.21.64,7/29/24 11:39,7/29/24 7:45
TXN-000500,22,Refund,NVDA,4812.44,AUD,3128.09,Completed,,Wire Transfer,EXT-O2ZNUOEXH1E5,161.254.183.220,8/29/24 12:03,8/29/24 22:35